model,train_scheme,feature_scheme,recording_id,relative_path,subject_id,session,file_type,condition,notes,window_index,window_start_sec,window_end_sec,actual_speed_mph,oracle_regime,predicted_speed_mph,residual_mph,absolute_error_mph
v2_single,single_model,v2,s1_day2_test5_8mph,data/raw/subject_1_day2/Day2Test5IMU_8-8mph.xlsx,subject_1,day2,xlsx,steady_state,validation data; selected 8 mph validation file,0,0.0,5.0,8.0,running,7.397886274630427,-0.6021137253695734,0.6021137253695734
v2_single,single_model,v2,s1_day2_test5_8mph,data/raw/subject_1_day2/Day2Test5IMU_8-8mph.xlsx,subject_1,day2,xlsx,steady_state,validation data; selected 8 mph validation file,1,2.5,7.5,8.0,running,7.991674622146088,-0.008325377853911853,0.008325377853911853
v2_single,single_model,v2,s1_day2_test5_8mph,data/raw/subject_1_day2/Day2Test5IMU_8-8mph.xlsx,subject_1,day2,xlsx,steady_state,validation data; selected 8 mph validation file,2,5.0,10.0,8.0,running,7.679718269353964,-0.3202817306460357,0.3202817306460357
v2_single,single_model,v2,s1_day2_test5_8mph,data/raw/subject_1_day2/Day2Test5IMU_8-8mph.xlsx,subject_1,day2,xlsx,steady_state,validation data; selected 8 mph validation file,3,7.5,12.5,8.0,running,7.81727542983725,-0.18272457016275023,0.18272457016275023
v2_single,single_model,v2,s1_day2_test5_8mph,data/raw/subject_1_day2/Day2Test5IMU_8-8mph.xlsx,subject_1,day2,xlsx,steady_state,validation data; selected 8 mph validation file,4,10.0,15.0,8.0,running,8.026320633593196,0.026320633593195808,0.026320633593195808
v2_single,single_model,v2,s1_day2_test5_8mph,data/raw/subject_1_day2/Day2Test5IMU_8-8mph.xlsx,subject_1,day2,xlsx,steady_state,validation data; selected 8 mph validation file,5,12.5,17.5,8.0,running,8.231486083407216,0.23148608340721566,0.23148608340721566
v2_single,single_model,v2,s1_day2_test5_8mph,data/raw/subject_1_day2/Day2Test5IMU_8-8mph.xlsx,subject_1,day2,xlsx,steady_state,validation data; selected 8 mph validation file,6,15.0,20.0,8.0,running,8.25986724606725,0.25986724606725,0.25986724606725
v2_single,single_model,v2,s1_day2_test5_8mph,data/raw/subject_1_day2/Day2Test5IMU_8-8mph.xlsx,subject_1,day2,xlsx,steady_state,validation data; selected 8 mph validation file,7,17.5,22.5,8.0,running,7.865907676734107,-0.13409232326589304,0.13409232326589304
v2_single,single_model,v2,s1_day2_test5_8mph,data/raw/subject_1_day2/Day2Test5IMU_8-8mph.xlsx,subject_1,day2,xlsx,steady_state,validation data; selected 8 mph validation file,8,20.0,25.0,8.0,running,7.639895968085033,-0.3601040319149673,0.3601040319149673
v2_single,single_model,v2,s1_day2_test5_8mph,data/raw/subject_1_day2/Day2Test5IMU_8-8mph.xlsx,subject_1,day2,xlsx,steady_state,validation data; selected 8 mph validation file,9,22.5,27.5,8.0,running,7.774346902306451,-0.2256530976935487,0.2256530976935487
v2_single,single_model,v2,s1_day2_test5_8mph,data/raw/subject_1_day2/Day2Test5IMU_8-8mph.xlsx,subject_1,day2,xlsx,steady_state,validation data; selected 8 mph validation file,10,25.0,30.0,8.0,running,8.187398729028557,0.1873987290285566,0.1873987290285566
v2_single,single_model,v2,s1_day2_test5_8mph,data/raw/subject_1_day2/Day2Test5IMU_8-8mph.xlsx,subject_1,day2,xlsx,steady_state,validation data; selected 8 mph validation file,11,27.5,32.5,8.0,running,8.164496924664622,0.16449692466462196,0.16449692466462196
v2_single,single_model,v2,s1_day2_test5_8mph,data/raw/subject_1_day2/Day2Test5IMU_8-8mph.xlsx,subject_1,day2,xlsx,steady_state,validation data; selected 8 mph validation file,12,30.0,35.0,8.0,running,8.06899462475659,0.06899462475658957,0.06899462475658957
v2_single,single_model,v2,s1_day2_test5_8mph,data/raw/subject_1_day2/Day2Test5IMU_8-8mph.xlsx,subject_1,day2,xlsx,steady_state,validation data; selected 8 mph validation file,13,32.5,37.5,8.0,running,7.771830062955652,-0.22816993704434818,0.22816993704434818
v2_single,single_model,v2,s1_day2_test5_8mph,data/raw/subject_1_day2/Day2Test5IMU_8-8mph.xlsx,subject_1,day2,xlsx,steady_state,validation data; selected 8 mph validation file,14,35.0,40.0,8.0,running,7.392941014301024,-0.6070589856989761,0.6070589856989761
v2_single,single_model,v2,s1_day2_test7_4mph,data/raw/subject_1_day2/Day2Test7IMU_0-4mph.xlsx,subject_1,day2,xlsx,steady_state,validation data,0,0.0,5.0,4.0,walking,4.0975,0.09750000000000014,0.09750000000000014
v2_single,single_model,v2,s1_day2_test7_4mph,data/raw/subject_1_day2/Day2Test7IMU_0-4mph.xlsx,subject_1,day2,xlsx,steady_state,validation data,1,2.5,7.5,4.0,walking,4.135,0.1349999999999998,0.1349999999999998
v2_single,single_model,v2,s1_day2_test7_4mph,data/raw/subject_1_day2/Day2Test7IMU_0-4mph.xlsx,subject_1,day2,xlsx,steady_state,validation data,2,5.0,10.0,4.0,walking,4.2075,0.20749999999999957,0.20749999999999957
v2_single,single_model,v2,s1_day2_test7_4mph,data/raw/subject_1_day2/Day2Test7IMU_0-4mph.xlsx,subject_1,day2,xlsx,steady_state,validation data,3,7.5,12.5,4.0,walking,4.16,0.16000000000000014,0.16000000000000014
v2_single,single_model,v2,s1_day2_test7_4mph,data/raw/subject_1_day2/Day2Test7IMU_0-4mph.xlsx,subject_1,day2,xlsx,steady_state,validation data,4,10.0,15.0,4.0,walking,4.135,0.1349999999999998,0.1349999999999998
v2_single,single_model,v2,s1_day2_test7_4mph,data/raw/subject_1_day2/Day2Test7IMU_0-4mph.xlsx,subject_1,day2,xlsx,steady_state,validation data,5,12.5,17.5,4.0,walking,4.1,0.09999999999999964,0.09999999999999964
v2_single,single_model,v2,s1_day2_test7_4mph,data/raw/subject_1_day2/Day2Test7IMU_0-4mph.xlsx,subject_1,day2,xlsx,steady_state,validation data,6,15.0,20.0,4.0,walking,4.1875,0.1875,0.1875
v2_single,single_model,v2,s1_day2_test7_4mph,data/raw/subject_1_day2/Day2Test7IMU_0-4mph.xlsx,subject_1,day2,xlsx,steady_state,validation data,7,17.5,22.5,4.0,walking,4.2175,0.21750000000000025,0.21750000000000025
v2_single,single_model,v2,s1_day2_test7_4mph,data/raw/subject_1_day2/Day2Test7IMU_0-4mph.xlsx,subject_1,day2,xlsx,steady_state,validation data,8,20.0,25.0,4.0,walking,4.22,0.21999999999999975,0.21999999999999975
v2_single,single_model,v2,s1_day2_test7_4mph,data/raw/subject_1_day2/Day2Test7IMU_0-4mph.xlsx,subject_1,day2,xlsx,steady_state,validation data,9,22.5,27.5,4.0,walking,4.2175,0.21750000000000025,0.21750000000000025
v2_single,single_model,v2,s1_day2_test7_4mph,data/raw/subject_1_day2/Day2Test7IMU_0-4mph.xlsx,subject_1,day2,xlsx,steady_state,validation data,10,25.0,30.0,4.0,walking,4.2175,0.21750000000000025,0.21750000000000025
v2_single,single_model,v2,s1_day2_test7_4mph,data/raw/subject_1_day2/Day2Test7IMU_0-4mph.xlsx,subject_1,day2,xlsx,steady_state,validation data,11,27.5,32.5,4.0,walking,4.215,0.21499999999999986,0.21499999999999986
v2_single,single_model,v2,s1_day2_test7_4mph,data/raw/subject_1_day2/Day2Test7IMU_0-4mph.xlsx,subject_1,day2,xlsx,steady_state,validation data,12,30.0,35.0,4.0,walking,4.2125,0.21250000000000036,0.21250000000000036
v2_single,single_model,v2,s1_day2_test7_4mph,data/raw/subject_1_day2/Day2Test7IMU_0-4mph.xlsx,subject_1,day2,xlsx,steady_state,validation data,13,32.5,37.5,4.0,walking,4.2125,0.21250000000000036,0.21250000000000036
v2_single,single_model,v2,s1_day2_test7_4mph,data/raw/subject_1_day2/Day2Test7IMU_0-4mph.xlsx,subject_1,day2,xlsx,steady_state,validation data,14,35.0,40.0,4.0,walking,4.235,0.23500000000000032,0.23500000000000032
v2_single,single_model,v2,s1_day2_test7_4mph,data/raw/subject_1_day2/Day2Test7IMU_0-4mph.xlsx,subject_1,day2,xlsx,steady_state,validation data,15,37.5,42.5,4.0,walking,4.26,0.2599999999999998,0.2599999999999998
v2_single,single_model,v2,s1_day2_test8_3mph,data/raw/subject_1_day2/Day2Test8IMU_0-3mph.xlsx,subject_1,day2,xlsx,steady_state,validation data,0,0.0,5.0,3.0,walking,3.2875,0.2875000000000001,0.2875000000000001
v2_single,single_model,v2,s1_day2_test8_3mph,data/raw/subject_1_day2/Day2Test8IMU_0-3mph.xlsx,subject_1,day2,xlsx,steady_state,validation data,1,2.5,7.5,3.0,walking,3.42,0.41999999999999993,0.41999999999999993
v2_single,single_model,v2,s1_day2_test8_3mph,data/raw/subject_1_day2/Day2Test8IMU_0-3mph.xlsx,subject_1,day2,xlsx,steady_state,validation data,2,5.0,10.0,3.0,walking,3.4125,0.4125000000000001,0.4125000000000001
v2_single,single_model,v2,s1_day2_test8_3mph,data/raw/subject_1_day2/Day2Test8IMU_0-3mph.xlsx,subject_1,day2,xlsx,steady_state,validation data,3,7.5,12.5,3.0,walking,3.3725,0.37250000000000005,0.37250000000000005
v2_single,single_model,v2,s1_day2_test8_3mph,data/raw/subject_1_day2/Day2Test8IMU_0-3mph.xlsx,subject_1,day2,xlsx,steady_state,validation data,4,10.0,15.0,3.0,walking,3.2775,0.27749999999999986,0.27749999999999986
v2_single,single_model,v2,s1_day2_test8_3mph,data/raw/subject_1_day2/Day2Test8IMU_0-3mph.xlsx,subject_1,day2,xlsx,steady_state,validation data,5,12.5,17.5,3.0,walking,3.41,0.41000000000000014,0.41000000000000014
v2_single,single_model,v2,s1_day2_test8_3mph,data/raw/subject_1_day2/Day2Test8IMU_0-3mph.xlsx,subject_1,day2,xlsx,steady_state,validation data,6,15.0,20.0,3.0,walking,3.37,0.3700000000000001,0.3700000000000001
v2_single,single_model,v2,s1_day2_test8_3mph,data/raw/subject_1_day2/Day2Test8IMU_0-3mph.xlsx,subject_1,day2,xlsx,steady_state,validation data,7,17.5,22.5,3.0,walking,3.24,0.2400000000000002,0.2400000000000002
v2_single,single_model,v2,s1_day2_test8_3mph,data/raw/subject_1_day2/Day2Test8IMU_0-3mph.xlsx,subject_1,day2,xlsx,steady_state,validation data,8,20.0,25.0,3.0,walking,3.3725,0.37250000000000005,0.37250000000000005
v2_single,single_model,v2,s1_day2_test8_3mph,data/raw/subject_1_day2/Day2Test8IMU_0-3mph.xlsx,subject_1,day2,xlsx,steady_state,validation data,9,22.5,27.5,3.0,walking,3.4225,0.4224999999999999,0.4224999999999999
v2_single,single_model,v2,s1_day2_test8_3mph,data/raw/subject_1_day2/Day2Test8IMU_0-3mph.xlsx,subject_1,day2,xlsx,steady_state,validation data,10,25.0,30.0,3.0,walking,3.425,0.4249999999999998,0.4249999999999998
v2_single,single_model,v2,s1_day2_test8_3mph,data/raw/subject_1_day2/Day2Test8IMU_0-3mph.xlsx,subject_1,day2,xlsx,steady_state,validation data,11,27.5,32.5,3.0,walking,3.3125,0.3125,0.3125
v2_single,single_model,v2,s1_day2_test8_3mph,data/raw/subject_1_day2/Day2Test8IMU_0-3mph.xlsx,subject_1,day2,xlsx,steady_state,validation data,12,30.0,35.0,3.0,walking,3.3825,0.38249999999999984,0.38249999999999984
v2_single,single_model,v2,s1_day2_test8_3mph,data/raw/subject_1_day2/Day2Test8IMU_0-3mph.xlsx,subject_1,day2,xlsx,steady_state,validation data,13,32.5,37.5,3.0,walking,3.42,0.41999999999999993,0.41999999999999993
v2_single,single_model,v2,s1_day2_test8_3mph,data/raw/subject_1_day2/Day2Test8IMU_0-3mph.xlsx,subject_1,day2,xlsx,steady_state,validation data,14,35.0,40.0,3.0,walking,3.265,0.2650000000000001,0.2650000000000001
v2_single,single_model,v2,s1_day2_test9_2mph,data/raw/subject_1_day2/Day2Test9IMU_0-2mph.xlsx,subject_1,day2,xlsx,steady_state,validation data,0,0.0,5.0,2.0,walking,2.1,0.10000000000000009,0.10000000000000009
v2_single,single_model,v2,s1_day2_test9_2mph,data/raw/subject_1_day2/Day2Test9IMU_0-2mph.xlsx,subject_1,day2,xlsx,steady_state,validation data,1,2.5,7.5,2.0,walking,2.005,0.004999999999999893,0.004999999999999893
v2_single,single_model,v2,s1_day2_test9_2mph,data/raw/subject_1_day2/Day2Test9IMU_0-2mph.xlsx,subject_1,day2,xlsx,steady_state,validation data,2,5.0,10.0,2.0,walking,2.1025,0.10250000000000004,0.10250000000000004
v2_single,single_model,v2,s1_day2_test9_2mph,data/raw/subject_1_day2/Day2Test9IMU_0-2mph.xlsx,subject_1,day2,xlsx,steady_state,validation data,3,7.5,12.5,2.0,walking,2.2225,0.22250000000000014,0.22250000000000014
v2_single,single_model,v2,s1_day2_test9_2mph,data/raw/subject_1_day2/Day2Test9IMU_0-2mph.xlsx,subject_1,day2,xlsx,steady_state,validation data,4,10.0,15.0,2.0,walking,2.395,0.395,0.395
v2_single,single_model,v2,s1_day2_test9_2mph,data/raw/subject_1_day2/Day2Test9IMU_0-2mph.xlsx,subject_1,day2,xlsx,steady_state,validation data,5,12.5,17.5,2.0,walking,2.3,0.2999999999999998,0.2999999999999998
v2_single,single_model,v2,s1_day2_test9_2mph,data/raw/subject_1_day2/Day2Test9IMU_0-2mph.xlsx,subject_1,day2,xlsx,steady_state,validation data,6,15.0,20.0,2.0,walking,2.115,0.11500000000000021,0.11500000000000021
v2_single,single_model,v2,s1_day2_test9_2mph,data/raw/subject_1_day2/Day2Test9IMU_0-2mph.xlsx,subject_1,day2,xlsx,steady_state,validation data,7,17.5,22.5,2.0,walking,2.255,0.2549999999999999,0.2549999999999999
v2_single,single_model,v2,s1_day2_test9_2mph,data/raw/subject_1_day2/Day2Test9IMU_0-2mph.xlsx,subject_1,day2,xlsx,steady_state,validation data,8,20.0,25.0,2.0,walking,2.16,0.16000000000000014,0.16000000000000014
v2_single,single_model,v2,s1_day2_test9_2mph,data/raw/subject_1_day2/Day2Test9IMU_0-2mph.xlsx,subject_1,day2,xlsx,steady_state,validation data,9,22.5,27.5,2.0,walking,2.1125,0.11249999999999982,0.11249999999999982
v2_single,single_model,v2,s1_day2_test9_2mph,data/raw/subject_1_day2/Day2Test9IMU_0-2mph.xlsx,subject_1,day2,xlsx,steady_state,validation data,10,25.0,30.0,2.0,walking,2.16,0.16000000000000014,0.16000000000000014
v2_single,single_model,v2,s1_day2_test9_2mph,data/raw/subject_1_day2/Day2Test9IMU_0-2mph.xlsx,subject_1,day2,xlsx,steady_state,validation data,11,27.5,32.5,2.0,walking,2.1575,0.1575000000000002,0.1575000000000002
v2_single,single_model,v2,s1_day2_test9_2mph,data/raw/subject_1_day2/Day2Test9IMU_0-2mph.xlsx,subject_1,day2,xlsx,steady_state,validation data,12,30.0,35.0,2.0,walking,2.1575,0.1575000000000002,0.1575000000000002
v2_single,single_model,v2,s1_day2_test9_2mph,data/raw/subject_1_day2/Day2Test9IMU_0-2mph.xlsx,subject_1,day2,xlsx,steady_state,validation data,13,32.5,37.5,2.0,walking,2.1575,0.1575000000000002,0.1575000000000002
v2_single,single_model,v2,s1_day2_test9_2mph,data/raw/subject_1_day2/Day2Test9IMU_0-2mph.xlsx,subject_1,day2,xlsx,steady_state,validation data,14,35.0,40.0,2.0,walking,2.0975,0.09750000000000014,0.09750000000000014
v2_single,single_model,v2,s1_day2_test9_2mph,data/raw/subject_1_day2/Day2Test9IMU_0-2mph.xlsx,subject_1,day2,xlsx,steady_state,validation data,15,37.5,42.5,2.0,walking,2.0975,0.09750000000000014,0.09750000000000014
v2_single,single_model,v2,s1_day2_test9_2mph,data/raw/subject_1_day2/Day2Test9IMU_0-2mph.xlsx,subject_1,day2,xlsx,steady_state,validation data,16,40.0,45.0,2.0,walking,2.17,0.16999999999999993,0.16999999999999993
v2_single,single_model,v2,s1_day4_20260619_5mph_140spm_normal,data/raw/subject_1_day4/imu_recording_20260619_5mph_140spm_normal.csv,subject_1,day4,csv,cadence_normal,validation/cadence manipulation data; target cadence 140 spm,0,0.0,5.0,5.0,running,5.800618177267528,0.8006181772675278,0.8006181772675278
v2_single,single_model,v2,s1_day4_20260619_5mph_140spm_normal,data/raw/subject_1_day4/imu_recording_20260619_5mph_140spm_normal.csv,subject_1,day4,csv,cadence_normal,validation/cadence manipulation data; target cadence 140 spm,1,2.5,7.5,5.0,running,5.811868177267528,0.8118681772675282,0.8118681772675282
v2_single,single_model,v2,s1_day4_20260619_5mph_140spm_normal,data/raw/subject_1_day4/imu_recording_20260619_5mph_140spm_normal.csv,subject_1,day4,csv,cadence_normal,validation/cadence manipulation data; target cadence 140 spm,2,5.0,10.0,5.0,running,5.276962486015931,0.27696248601593076,0.27696248601593076
v2_single,single_model,v2,s1_day4_20260619_5mph_140spm_normal,data/raw/subject_1_day4/imu_recording_20260619_5mph_140spm_normal.csv,subject_1,day4,csv,cadence_normal,validation/cadence manipulation data; target cadence 140 spm,3,7.5,12.5,5.0,running,5.293629152682597,0.29362915268259737,0.29362915268259737
v2_single,single_model,v2,s1_day4_20260619_5mph_140spm_normal,data/raw/subject_1_day4/imu_recording_20260619_5mph_140spm_normal.csv,subject_1,day4,csv,cadence_normal,validation/cadence manipulation data; target cadence 140 spm,4,10.0,15.0,5.0,running,5.833422664447014,0.8334226644470144,0.8334226644470144
v2_single,single_model,v2,s1_day4_20260619_5mph_140spm_normal,data/raw/subject_1_day4/imu_recording_20260619_5mph_140spm_normal.csv,subject_1,day4,csv,cadence_normal,validation/cadence manipulation data; target cadence 140 spm,5,12.5,17.5,5.0,running,5.777284843934194,0.7772848439341944,0.7772848439341944
v2_single,single_model,v2,s1_day4_20260619_5mph_140spm_normal,data/raw/subject_1_day4/imu_recording_20260619_5mph_140spm_normal.csv,subject_1,day4,csv,cadence_normal,validation/cadence manipulation data; target cadence 140 spm,6,15.0,20.0,5.0,running,5.375346996074578,0.3753469960745779,0.3753469960745779
v2_single,single_model,v2,s1_day4_20260619_5mph_140spm_normal,data/raw/subject_1_day4/imu_recording_20260619_5mph_140spm_normal.csv,subject_1,day4,csv,cadence_normal,validation/cadence manipulation data; target cadence 140 spm,7,17.5,22.5,5.0,running,5.414069826482753,0.4140698264827529,0.4140698264827529
v2_single,single_model,v2,s1_day4_20260619_5mph_140spm_normal,data/raw/subject_1_day4/imu_recording_20260619_5mph_140spm_normal.csv,subject_1,day4,csv,cadence_normal,validation/cadence manipulation data; target cadence 140 spm,8,20.0,25.0,5.0,running,5.11106833178153,0.11106833178152975,0.11106833178152975
v2_single,single_model,v2,s1_day4_20260619_5mph_140spm_normal,data/raw/subject_1_day4/imu_recording_20260619_5mph_140spm_normal.csv,subject_1,day4,csv,cadence_normal,validation/cadence manipulation data; target cadence 140 spm,9,22.5,27.5,5.0,running,5.098204161807986,0.09820416180798563,0.09820416180798563
v2_single,single_model,v2,s1_day4_20260619_5mph_140spm_normal,data/raw/subject_1_day4/imu_recording_20260619_5mph_140spm_normal.csv,subject_1,day4,csv,cadence_normal,validation/cadence manipulation data; target cadence 140 spm,10,25.0,30.0,5.0,running,5.064963421067245,0.06496342106724473,0.06496342106724473
v2_single,single_model,v2,s1_day4_20260619_5mph_140spm_normal,data/raw/subject_1_day4/imu_recording_20260619_5mph_140spm_normal.csv,subject_1,day4,csv,cadence_normal,validation/cadence manipulation data; target cadence 140 spm,11,27.5,32.5,5.0,running,5.121205907068562,0.12120590706856227,0.12120590706856227
v2_single,single_model,v2,s1_day4_20260619_5mph_140spm_normal,data/raw/subject_1_day4/imu_recording_20260619_5mph_140spm_normal.csv,subject_1,day4,csv,cadence_normal,validation/cadence manipulation data; target cadence 140 spm,12,30.0,35.0,5.0,running,5.70755623601593,0.7075562360159298,0.7075562360159298
v2_single,single_model,v2,s1_day4_20260619_5mph_140spm_normal,data/raw/subject_1_day4/imu_recording_20260619_5mph_140spm_normal.csv,subject_1,day4,csv,cadence_normal,validation/cadence manipulation data; target cadence 140 spm,13,32.5,37.5,5.0,running,5.523270898033127,0.5232708980331271,0.5232708980331271
v2_single,single_model,v2,s1_day4_20260619_6mph_145spm_normal,data/raw/subject_1_day4/imu_recording_20260619_6mph_145spm_normal.csv,subject_1,day4,csv,cadence_normal,validation/cadence manipulation data; target cadence 145 spm,0,0.0,5.0,6.0,running,6.281833932055264,0.28183393205526386,0.28183393205526386
v2_single,single_model,v2,s1_day4_20260619_6mph_145spm_normal,data/raw/subject_1_day4/imu_recording_20260619_6mph_145spm_normal.csv,subject_1,day4,csv,cadence_normal,validation/cadence manipulation data; target cadence 145 spm,1,2.5,7.5,6.0,running,6.0226708681454895,0.022670868145489464,0.022670868145489464
v2_single,single_model,v2,s1_day4_20260619_6mph_145spm_normal,data/raw/subject_1_day4/imu_recording_20260619_6mph_145spm_normal.csv,subject_1,day4,csv,cadence_normal,validation/cadence manipulation data; target cadence 145 spm,2,5.0,10.0,6.0,running,6.078580955864786,0.07858095586478608,0.07858095586478608
v2_single,single_model,v2,s1_day4_20260619_6mph_145spm_normal,data/raw/subject_1_day4/imu_recording_20260619_6mph_145spm_normal.csv,subject_1,day4,csv,cadence_normal,validation/cadence manipulation data; target cadence 145 spm,3,7.5,12.5,6.0,running,6.250739140388596,0.2507391403885961,0.2507391403885961
v2_single,single_model,v2,s1_day4_20260619_6mph_145spm_normal,data/raw/subject_1_day4/imu_recording_20260619_6mph_145spm_normal.csv,subject_1,day4,csv,cadence_normal,validation/cadence manipulation data; target cadence 145 spm,4,10.0,15.0,6.0,running,6.055587534812155,0.055587534812154615,0.055587534812154615
v2_single,single_model,v2,s1_day4_20260619_6mph_145spm_normal,data/raw/subject_1_day4/imu_recording_20260619_6mph_145spm_normal.csv,subject_1,day4,csv,cadence_normal,validation/cadence manipulation data; target cadence 145 spm,5,12.5,17.5,6.0,running,5.966837534812156,-0.033162465187843715,0.033162465187843715
v2_single,single_model,v2,s1_day4_20260619_6mph_145spm_normal,data/raw/subject_1_day4/imu_recording_20260619_6mph_145spm_normal.csv,subject_1,day4,csv,cadence_normal,validation/cadence manipulation data; target cadence 145 spm,6,15.0,20.0,6.0,running,6.015706582431204,0.015706582431204374,0.015706582431204374
v2_single,single_model,v2,s1_day4_20260619_6mph_145spm_normal,data/raw/subject_1_day4/imu_recording_20260619_6mph_145spm_normal.csv,subject_1,day4,csv,cadence_normal,validation/cadence manipulation data; target cadence 145 spm,7,17.5,22.5,6.0,running,5.986837534812156,-0.013162465187844141,0.013162465187844141
v2_single,single_model,v2,s1_day4_20260619_6mph_145spm_normal,data/raw/subject_1_day4/imu_recording_20260619_6mph_145spm_normal.csv,subject_1,day4,csv,cadence_normal,validation/cadence manipulation data; target cadence 145 spm,8,20.0,25.0,6.0,running,5.936012214299336,-0.06398778570066366,0.06398778570066366
v2_single,single_model,v2,s1_day4_20260619_6mph_145spm_normal,data/raw/subject_1_day4/imu_recording_20260619_6mph_145spm_normal.csv,subject_1,day4,csv,cadence_normal,validation/cadence manipulation data; target cadence 145 spm,9,22.5,27.5,6.0,running,6.152982624097871,0.1529826240978709,0.1529826240978709
v2_single,single_model,v2,s1_day4_20260619_6mph_145spm_normal,data/raw/subject_1_day4/imu_recording_20260619_6mph_145spm_normal.csv,subject_1,day4,csv,cadence_normal,validation/cadence manipulation data; target cadence 145 spm,10,25.0,30.0,6.0,running,6.0070458681454895,0.0070458681454894645,0.0070458681454894645
v2_single,single_model,v2,s1_day4_20260619_6mph_145spm_normal,data/raw/subject_1_day4/imu_recording_20260619_6mph_145spm_normal.csv,subject_1,day4,csv,cadence_normal,validation/cadence manipulation data; target cadence 145 spm,11,27.5,32.5,6.0,running,5.961837534812156,-0.03816246518784361,0.03816246518784361
v2_single,single_model,v2,s1_day4_20260619_6mph_145spm_normal,data/raw/subject_1_day4/imu_recording_20260619_6mph_145spm_normal.csv,subject_1,day4,csv,cadence_normal,validation/cadence manipulation data; target cadence 145 spm,12,30.0,35.0,6.0,running,6.02048336814549,0.020483368145489678,0.020483368145489678
v2_single,single_model,v2,s1_day4_20260619_6mph_145spm_normal,data/raw/subject_1_day4/imu_recording_20260619_6mph_145spm_normal.csv,subject_1,day4,csv,cadence_normal,validation/cadence manipulation data; target cadence 145 spm,13,32.5,37.5,6.0,running,5.96507086814549,-0.03492913185451041,0.03492913185451041
v2_single,single_model,v2,s1_day4_20260619_6mph_145spm_normal,data/raw/subject_1_day4/imu_recording_20260619_6mph_145spm_normal.csv,subject_1,day4,csv,cadence_normal,validation/cadence manipulation data; target cadence 145 spm,14,35.0,40.0,6.0,running,6.005170868145489,0.0051708681454893934,0.0051708681454893934
v2_single,single_model,v2,s1_day4_20260619_7mph_153spm_normal,data/raw/subject_1_day4/imu_recording_20260619_7mph_153spm_normal.csv,subject_1,day4,csv,cadence_normal,validation/cadence manipulation data; target cadence 153 spm,0,0.0,5.0,7.0,running,7.041808866435672,0.041808866435672165,0.041808866435672165
v2_single,single_model,v2,s1_day4_20260619_7mph_153spm_normal,data/raw/subject_1_day4/imu_recording_20260619_7mph_153spm_normal.csv,subject_1,day4,csv,cadence_normal,validation/cadence manipulation data; target cadence 153 spm,1,2.5,7.5,7.0,running,7.04708123565825,0.04708123565824973,0.04708123565824973
v2_single,single_model,v2,s1_day4_20260619_7mph_153spm_normal,data/raw/subject_1_day4/imu_recording_20260619_7mph_153spm_normal.csv,subject_1,day4,csv,cadence_normal,validation/cadence manipulation data; target cadence 153 spm,2,5.0,10.0,7.0,running,7.043691421236443,0.043691421236442984,0.043691421236442984
v2_single,single_model,v2,s1_day4_20260619_7mph_153spm_normal,data/raw/subject_1_day4/imu_recording_20260619_7mph_153spm_normal.csv,subject_1,day4,csv,cadence_normal,validation/cadence manipulation data; target cadence 153 spm,3,7.5,12.5,7.0,running,7.020780166092064,0.0207801660920639,0.0207801660920639
v2_single,single_model,v2,s1_day4_20260619_7mph_153spm_normal,data/raw/subject_1_day4/imu_recording_20260619_7mph_153spm_normal.csv,subject_1,day4,csv,cadence_normal,validation/cadence manipulation data; target cadence 153 spm,4,10.0,15.0,7.0,running,7.044444862418979,0.04444486241897927,0.04444486241897927
v2_single,single_model,v2,s1_day4_20260619_7mph_153spm_normal,data/raw/subject_1_day4/imu_recording_20260619_7mph_153spm_normal.csv,subject_1,day4,csv,cadence_normal,validation/cadence manipulation data; target cadence 153 spm,5,12.5,17.5,7.0,running,7.015354240330928,0.015354240330927915,0.015354240330927915
v2_single,single_model,v2,s1_day4_20260619_7mph_153spm_normal,data/raw/subject_1_day4/imu_recording_20260619_7mph_153spm_normal.csv,subject_1,day4,csv,cadence_normal,validation/cadence manipulation data; target cadence 153 spm,6,15.0,20.0,7.0,running,6.993555432118257,-0.0064445678817426355,0.0064445678817426355
v2_single,single_model,v2,s1_day4_20260619_7mph_153spm_normal,data/raw/subject_1_day4/imu_recording_20260619_7mph_153spm_normal.csv,subject_1,day4,csv,cadence_normal,validation/cadence manipulation data; target cadence 153 spm,7,17.5,22.5,7.0,running,7.3641222479408395,0.36412224794083947,0.36412224794083947
v2_single,single_model,v2,s1_day4_20260619_7mph_153spm_normal,data/raw/subject_1_day4/imu_recording_20260619_7mph_153spm_normal.csv,subject_1,day4,csv,cadence_normal,validation/cadence manipulation data; target cadence 153 spm,8,20.0,25.0,7.0,running,7.235303849215292,0.2353038492152919,0.2353038492152919
v2_single,single_model,v2,s1_day4_20260619_7mph_153spm_normal,data/raw/subject_1_day4/imu_recording_20260619_7mph_153spm_normal.csv,subject_1,day4,csv,cadence_normal,validation/cadence manipulation data; target cadence 153 spm,9,22.5,27.5,7.0,running,6.993254576241413,-0.006745423758586888,0.006745423758586888
v2_single,single_model,v2,s1_day4_20260619_7mph_153spm_normal,data/raw/subject_1_day4/imu_recording_20260619_7mph_153spm_normal.csv,subject_1,day4,csv,cadence_normal,validation/cadence manipulation data; target cadence 153 spm,10,25.0,30.0,7.0,running,7.082463632785602,0.08246363278560231,0.08246363278560231
v2_single,single_model,v2,s1_day4_20260619_7mph_153spm_normal,data/raw/subject_1_day4/imu_recording_20260619_7mph_153spm_normal.csv,subject_1,day4,csv,cadence_normal,validation/cadence manipulation data; target cadence 153 spm,11,27.5,32.5,7.0,running,6.851164800670936,-0.14883519932906442,0.14883519932906442
v2_single,single_model,v2,s1_day4_20260619_7mph_153spm_normal,data/raw/subject_1_day4/imu_recording_20260619_7mph_153spm_normal.csv,subject_1,day4,csv,cadence_normal,validation/cadence manipulation data; target cadence 153 spm,12,30.0,35.0,7.0,running,7.145196290124037,0.14519629012403712,0.14519629012403712
v2_single,single_model,v2,s1_day4_20260619_7mph_153spm_normal,data/raw/subject_1_day4/imu_recording_20260619_7mph_153spm_normal.csv,subject_1,day4,csv,cadence_normal,validation/cadence manipulation data; target cadence 153 spm,13,32.5,37.5,7.0,running,7.304596587579117,0.304596587579117,0.304596587579117
v2_single,single_model,v2,s1_day4_20260619_7mph_153spm_normal,data/raw/subject_1_day4/imu_recording_20260619_7mph_153spm_normal.csv,subject_1,day4,csv,cadence_normal,validation/cadence manipulation data; target cadence 153 spm,14,35.0,40.0,7.0,running,6.892879507738255,-0.10712049226174525,0.10712049226174525
v2_single,single_model,v2,s1_day4_20260619_7mph_153spm_normal,data/raw/subject_1_day4/imu_recording_20260619_7mph_153spm_normal.csv,subject_1,day4,csv,cadence_normal,validation/cadence manipulation data; target cadence 153 spm,15,37.5,42.5,7.0,running,6.236598996058031,-0.7634010039419694,0.7634010039419694
v2_single,single_model,v2,s1_day4_20260619_7mph_153spm_normal,data/raw/subject_1_day4/imu_recording_20260619_7mph_153spm_normal.csv,subject_1,day4,csv,cadence_normal,validation/cadence manipulation data; target cadence 153 spm,16,40.0,45.0,7.0,running,6.155235613066631,-0.8447643869333694,0.8447643869333694
v2_single,single_model,v2,s1_day4_20260619_7mph_153spm_normal,data/raw/subject_1_day4/imu_recording_20260619_7mph_153spm_normal.csv,subject_1,day4,csv,cadence_normal,validation/cadence manipulation data; target cadence 153 spm,17,42.5,47.5,7.0,running,7.122806170327674,0.12280617032767438,0.12280617032767438
v3_single,single_model,v3_full,s1_day2_test5_8mph,data/raw/subject_1_day2/Day2Test5IMU_8-8mph.xlsx,subject_1,day2,xlsx,steady_state,validation data; selected 8 mph validation file,0,0.0,5.0,8.0,running,8.369348388384488,0.3693483883844877,0.3693483883844877
v3_single,single_model,v3_full,s1_day2_test5_8mph,data/raw/subject_1_day2/Day2Test5IMU_8-8mph.xlsx,subject_1,day2,xlsx,steady_state,validation data; selected 8 mph validation file,1,2.5,7.5,8.0,running,8.369184315097367,0.3691843150973675,0.3691843150973675
v3_single,single_model,v3_full,s1_day2_test5_8mph,data/raw/subject_1_day2/Day2Test5IMU_8-8mph.xlsx,subject_1,day2,xlsx,steady_state,validation data; selected 8 mph validation file,2,5.0,10.0,8.0,running,8.410222583909166,0.41022258390916555,0.41022258390916555
v3_single,single_model,v3_full,s1_day2_test5_8mph,data/raw/subject_1_day2/Day2Test5IMU_8-8mph.xlsx,subject_1,day2,xlsx,steady_state,validation data; selected 8 mph validation file,3,7.5,12.5,8.0,running,8.3611031762308,0.36110317623080057,0.36110317623080057
v3_single,single_model,v3_full,s1_day2_test5_8mph,data/raw/subject_1_day2/Day2Test5IMU_8-8mph.xlsx,subject_1,day2,xlsx,steady_state,validation data; selected 8 mph validation file,4,10.0,15.0,8.0,running,8.404191933896126,0.40419193389612573,0.40419193389612573
v3_single,single_model,v3_full,s1_day2_test5_8mph,data/raw/subject_1_day2/Day2Test5IMU_8-8mph.xlsx,subject_1,day2,xlsx,steady_state,validation data; selected 8 mph validation file,5,12.5,17.5,8.0,running,8.23375643504417,0.2337564350441692,0.2337564350441692
v3_single,single_model,v3_full,s1_day2_test5_8mph,data/raw/subject_1_day2/Day2Test5IMU_8-8mph.xlsx,subject_1,day2,xlsx,steady_state,validation data; selected 8 mph validation file,6,15.0,20.0,8.0,running,8.243808796898001,0.2438087968980014,0.2438087968980014
v3_single,single_model,v3_full,s1_day2_test5_8mph,data/raw/subject_1_day2/Day2Test5IMU_8-8mph.xlsx,subject_1,day2,xlsx,steady_state,validation data; selected 8 mph validation file,7,17.5,22.5,8.0,running,8.208747046148751,0.20874704614875128,0.20874704614875128
v3_single,single_model,v3_full,s1_day2_test5_8mph,data/raw/subject_1_day2/Day2Test5IMU_8-8mph.xlsx,subject_1,day2,xlsx,steady_state,validation data; selected 8 mph validation file,8,20.0,25.0,8.0,running,8.362406405249219,0.3624064052492191,0.3624064052492191
v3_single,single_model,v3_full,s1_day2_test5_8mph,data/raw/subject_1_day2/Day2Test5IMU_8-8mph.xlsx,subject_1,day2,xlsx,steady_state,validation data; selected 8 mph validation file,9,22.5,27.5,8.0,running,8.370851227066835,0.3708512270668347,0.3708512270668347
v3_single,single_model,v3_full,s1_day2_test5_8mph,data/raw/subject_1_day2/Day2Test5IMU_8-8mph.xlsx,subject_1,day2,xlsx,steady_state,validation data; selected 8 mph validation file,10,25.0,30.0,8.0,running,8.389451542192885,0.38945154219288547,0.38945154219288547
v3_single,single_model,v3_full,s1_day2_test5_8mph,data/raw/subject_1_day2/Day2Test5IMU_8-8mph.xlsx,subject_1,day2,xlsx,steady_state,validation data; selected 8 mph validation file,11,27.5,32.5,8.0,running,8.216002855526403,0.21600285552640308,0.21600285552640308
v3_single,single_model,v3_full,s1_day2_test5_8mph,data/raw/subject_1_day2/Day2Test5IMU_8-8mph.xlsx,subject_1,day2,xlsx,steady_state,validation data; selected 8 mph validation file,12,30.0,35.0,8.0,running,8.191637325223372,0.19163732522337185,0.19163732522337185
v3_single,single_model,v3_full,s1_day2_test5_8mph,data/raw/subject_1_day2/Day2Test5IMU_8-8mph.xlsx,subject_1,day2,xlsx,steady_state,validation data; selected 8 mph validation file,13,32.5,37.5,8.0,running,8.392297904421987,0.3922979044219872,0.3922979044219872
v3_single,single_model,v3_full,s1_day2_test5_8mph,data/raw/subject_1_day2/Day2Test5IMU_8-8mph.xlsx,subject_1,day2,xlsx,steady_state,validation data; selected 8 mph validation file,14,35.0,40.0,8.0,running,8.126016069796227,0.12601606979622737,0.12601606979622737
v3_single,single_model,v3_full,s1_day2_test7_4mph,data/raw/subject_1_day2/Day2Test7IMU_0-4mph.xlsx,subject_1,day2,xlsx,steady_state,validation data,0,0.0,5.0,4.0,walking,4.065,0.06500000000000039,0.06500000000000039
v3_single,single_model,v3_full,s1_day2_test7_4mph,data/raw/subject_1_day2/Day2Test7IMU_0-4mph.xlsx,subject_1,day2,xlsx,steady_state,validation data,1,2.5,7.5,4.0,walking,4.095,0.09499999999999975,0.09499999999999975
v3_single,single_model,v3_full,s1_day2_test7_4mph,data/raw/subject_1_day2/Day2Test7IMU_0-4mph.xlsx,subject_1,day2,xlsx,steady_state,validation data,2,5.0,10.0,4.0,walking,4.19,0.1900000000000004,0.1900000000000004
v3_single,single_model,v3_full,s1_day2_test7_4mph,data/raw/subject_1_day2/Day2Test7IMU_0-4mph.xlsx,subject_1,day2,xlsx,steady_state,validation data,3,7.5,12.5,4.0,walking,4.135,0.1349999999999998,0.1349999999999998
v3_single,single_model,v3_full,s1_day2_test7_4mph,data/raw/subject_1_day2/Day2Test7IMU_0-4mph.xlsx,subject_1,day2,xlsx,steady_state,validation data,4,10.0,15.0,4.0,walking,4.095,0.09499999999999975,0.09499999999999975
v3_single,single_model,v3_full,s1_day2_test7_4mph,data/raw/subject_1_day2/Day2Test7IMU_0-4mph.xlsx,subject_1,day2,xlsx,steady_state,validation data,5,12.5,17.5,4.0,walking,4.0725,0.07249999999999979,0.07249999999999979
v3_single,single_model,v3_full,s1_day2_test7_4mph,data/raw/subject_1_day2/Day2Test7IMU_0-4mph.xlsx,subject_1,day2,xlsx,steady_state,validation data,6,15.0,20.0,4.0,walking,4.1525,0.15249999999999986,0.15249999999999986
v3_single,single_model,v3_full,s1_day2_test7_4mph,data/raw/subject_1_day2/Day2Test7IMU_0-4mph.xlsx,subject_1,day2,xlsx,steady_state,validation data,7,17.5,22.5,4.0,walking,4.17,0.16999999999999993,0.16999999999999993
v3_single,single_model,v3_full,s1_day2_test7_4mph,data/raw/subject_1_day2/Day2Test7IMU_0-4mph.xlsx,subject_1,day2,xlsx,steady_state,validation data,8,20.0,25.0,4.0,walking,4.17,0.16999999999999993,0.16999999999999993
v3_single,single_model,v3_full,s1_day2_test7_4mph,data/raw/subject_1_day2/Day2Test7IMU_0-4mph.xlsx,subject_1,day2,xlsx,steady_state,validation data,9,22.5,27.5,4.0,walking,4.17,0.16999999999999993,0.16999999999999993
v3_single,single_model,v3_full,s1_day2_test7_4mph,data/raw/subject_1_day2/Day2Test7IMU_0-4mph.xlsx,subject_1,day2,xlsx,steady_state,validation data,10,25.0,30.0,4.0,walking,4.18,0.17999999999999972,0.17999999999999972
v3_single,single_model,v3_full,s1_day2_test7_4mph,data/raw/subject_1_day2/Day2Test7IMU_0-4mph.xlsx,subject_1,day2,xlsx,steady_state,validation data,11,27.5,32.5,4.0,walking,4.17,0.16999999999999993,0.16999999999999993
v3_single,single_model,v3_full,s1_day2_test7_4mph,data/raw/subject_1_day2/Day2Test7IMU_0-4mph.xlsx,subject_1,day2,xlsx,steady_state,validation data,12,30.0,35.0,4.0,walking,4.1625,0.16249999999999964,0.16249999999999964
v3_single,single_model,v3_full,s1_day2_test7_4mph,data/raw/subject_1_day2/Day2Test7IMU_0-4mph.xlsx,subject_1,day2,xlsx,steady_state,validation data,13,32.5,37.5,4.0,walking,4.1675,0.16750000000000043,0.16750000000000043
v3_single,single_model,v3_full,s1_day2_test7_4mph,data/raw/subject_1_day2/Day2Test7IMU_0-4mph.xlsx,subject_1,day2,xlsx,steady_state,validation data,14,35.0,40.0,4.0,walking,4.185,0.1849999999999996,0.1849999999999996
v3_single,single_model,v3_full,s1_day2_test7_4mph,data/raw/subject_1_day2/Day2Test7IMU_0-4mph.xlsx,subject_1,day2,xlsx,steady_state,validation data,15,37.5,42.5,4.0,walking,4.24,0.2400000000000002,0.2400000000000002
v3_single,single_model,v3_full,s1_day2_test8_3mph,data/raw/subject_1_day2/Day2Test8IMU_0-3mph.xlsx,subject_1,day2,xlsx,steady_state,validation data,0,0.0,5.0,3.0,walking,3.29,0.29000000000000004,0.29000000000000004
v3_single,single_model,v3_full,s1_day2_test8_3mph,data/raw/subject_1_day2/Day2Test8IMU_0-3mph.xlsx,subject_1,day2,xlsx,steady_state,validation data,1,2.5,7.5,3.0,walking,3.37,0.3700000000000001,0.3700000000000001
v3_single,single_model,v3_full,s1_day2_test8_3mph,data/raw/subject_1_day2/Day2Test8IMU_0-3mph.xlsx,subject_1,day2,xlsx,steady_state,validation data,2,5.0,10.0,3.0,walking,3.32,0.31999999999999984,0.31999999999999984
v3_single,single_model,v3_full,s1_day2_test8_3mph,data/raw/subject_1_day2/Day2Test8IMU_0-3mph.xlsx,subject_1,day2,xlsx,steady_state,validation data,3,7.5,12.5,3.0,walking,3.2875,0.2875000000000001,0.2875000000000001
v3_single,single_model,v3_full,s1_day2_test8_3mph,data/raw/subject_1_day2/Day2Test8IMU_0-3mph.xlsx,subject_1,day2,xlsx,steady_state,validation data,4,10.0,15.0,3.0,walking,3.2425,0.24250000000000016,0.24250000000000016
v3_single,single_model,v3_full,s1_day2_test8_3mph,data/raw/subject_1_day2/Day2Test8IMU_0-3mph.xlsx,subject_1,day2,xlsx,steady_state,validation data,5,12.5,17.5,3.0,walking,3.3175,0.3174999999999999,0.3174999999999999
v3_single,single_model,v3_full,s1_day2_test8_3mph,data/raw/subject_1_day2/Day2Test8IMU_0-3mph.xlsx,subject_1,day2,xlsx,steady_state,validation data,6,15.0,20.0,3.0,walking,3.3075,0.3075000000000001,0.3075000000000001
v3_single,single_model,v3_full,s1_day2_test8_3mph,data/raw/subject_1_day2/Day2Test8IMU_0-3mph.xlsx,subject_1,day2,xlsx,steady_state,validation data,7,17.5,22.5,3.0,walking,3.135,0.1349999999999998,0.1349999999999998
v3_single,single_model,v3_full,s1_day2_test8_3mph,data/raw/subject_1_day2/Day2Test8IMU_0-3mph.xlsx,subject_1,day2,xlsx,steady_state,validation data,8,20.0,25.0,3.0,walking,3.3375,0.3374999999999999,0.3374999999999999
v3_single,single_model,v3_full,s1_day2_test8_3mph,data/raw/subject_1_day2/Day2Test8IMU_0-3mph.xlsx,subject_1,day2,xlsx,steady_state,validation data,9,22.5,27.5,3.0,walking,3.4125,0.4125000000000001,0.4125000000000001
v3_single,single_model,v3_full,s1_day2_test8_3mph,data/raw/subject_1_day2/Day2Test8IMU_0-3mph.xlsx,subject_1,day2,xlsx,steady_state,validation data,10,25.0,30.0,3.0,walking,3.3775,0.37749999999999995,0.37749999999999995
v3_single,single_model,v3_full,s1_day2_test8_3mph,data/raw/subject_1_day2/Day2Test8IMU_0-3mph.xlsx,subject_1,day2,xlsx,steady_state,validation data,11,27.5,32.5,3.0,walking,3.285,0.28500000000000014,0.28500000000000014
v3_single,single_model,v3_full,s1_day2_test8_3mph,data/raw/subject_1_day2/Day2Test8IMU_0-3mph.xlsx,subject_1,day2,xlsx,steady_state,validation data,12,30.0,35.0,3.0,walking,3.345,0.3450000000000002,0.3450000000000002
v3_single,single_model,v3_full,s1_day2_test8_3mph,data/raw/subject_1_day2/Day2Test8IMU_0-3mph.xlsx,subject_1,day2,xlsx,steady_state,validation data,13,32.5,37.5,3.0,walking,3.3275,0.3275000000000001,0.3275000000000001
v3_single,single_model,v3_full,s1_day2_test8_3mph,data/raw/subject_1_day2/Day2Test8IMU_0-3mph.xlsx,subject_1,day2,xlsx,steady_state,validation data,14,35.0,40.0,3.0,walking,3.145,0.14500000000000002,0.14500000000000002
v3_single,single_model,v3_full,s1_day2_test9_2mph,data/raw/subject_1_day2/Day2Test9IMU_0-2mph.xlsx,subject_1,day2,xlsx,steady_state,validation data,0,0.0,5.0,2.0,walking,2.3,0.2999999999999998,0.2999999999999998
v3_single,single_model,v3_full,s1_day2_test9_2mph,data/raw/subject_1_day2/Day2Test9IMU_0-2mph.xlsx,subject_1,day2,xlsx,steady_state,validation data,1,2.5,7.5,2.0,walking,2.19,0.18999999999999995,0.18999999999999995
v3_single,single_model,v3_full,s1_day2_test9_2mph,data/raw/subject_1_day2/Day2Test9IMU_0-2mph.xlsx,subject_1,day2,xlsx,steady_state,validation data,2,5.0,10.0,2.0,walking,2.5902062289562284,0.5902062289562284,0.5902062289562284
v3_single,single_model,v3_full,s1_day2_test9_2mph,data/raw/subject_1_day2/Day2Test9IMU_0-2mph.xlsx,subject_1,day2,xlsx,steady_state,validation data,3,7.5,12.5,2.0,walking,2.909572619047619,0.9095726190476192,0.9095726190476192
v3_single,single_model,v3_full,s1_day2_test9_2mph,data/raw/subject_1_day2/Day2Test9IMU_0-2mph.xlsx,subject_1,day2,xlsx,steady_state,validation data,4,10.0,15.0,2.0,walking,3.0002677796642145,1.0002677796642145,1.0002677796642145
v3_single,single_model,v3_full,s1_day2_test9_2mph,data/raw/subject_1_day2/Day2Test9IMU_0-2mph.xlsx,subject_1,day2,xlsx,steady_state,validation data,5,12.5,17.5,2.0,walking,2.9598913043478263,0.9598913043478263,0.9598913043478263
v3_single,single_model,v3_full,s1_day2_test9_2mph,data/raw/subject_1_day2/Day2Test9IMU_0-2mph.xlsx,subject_1,day2,xlsx,steady_state,validation data,6,15.0,20.0,2.0,walking,2.8420726190476193,0.8420726190476193,0.8420726190476193
v3_single,single_model,v3_full,s1_day2_test9_2mph,data/raw/subject_1_day2/Day2Test9IMU_0-2mph.xlsx,subject_1,day2,xlsx,steady_state,validation data,7,17.5,22.5,2.0,walking,2.9495726190476192,0.9495726190476192,0.9495726190476192
v3_single,single_model,v3_full,s1_day2_test9_2mph,data/raw/subject_1_day2/Day2Test9IMU_0-2mph.xlsx,subject_1,day2,xlsx,steady_state,validation data,8,20.0,25.0,2.0,walking,2.6652062289562286,0.6652062289562286,0.6652062289562286
v3_single,single_model,v3_full,s1_day2_test9_2mph,data/raw/subject_1_day2/Day2Test9IMU_0-2mph.xlsx,subject_1,day2,xlsx,steady_state,validation data,9,22.5,27.5,2.0,walking,2.8196916666666665,0.8196916666666665,0.8196916666666665
v3_single,single_model,v3_full,s1_day2_test9_2mph,data/raw/subject_1_day2/Day2Test9IMU_0-2mph.xlsx,subject_1,day2,xlsx,steady_state,validation data,10,25.0,30.0,2.0,walking,2.9020726190476194,0.9020726190476194,0.9020726190476194
v3_single,single_model,v3_full,s1_day2_test9_2mph,data/raw/subject_1_day2/Day2Test9IMU_0-2mph.xlsx,subject_1,day2,xlsx,steady_state,validation data,11,27.5,32.5,2.0,walking,2.2125,0.2124999999999999,0.2124999999999999
v3_single,single_model,v3_full,s1_day2_test9_2mph,data/raw/subject_1_day2/Day2Test9IMU_0-2mph.xlsx,subject_1,day2,xlsx,steady_state,validation data,12,30.0,35.0,2.0,walking,2.2075,0.20750000000000002,0.20750000000000002
v3_single,single_model,v3_full,s1_day2_test9_2mph,data/raw/subject_1_day2/Day2Test9IMU_0-2mph.xlsx,subject_1,day2,xlsx,steady_state,validation data,13,32.5,37.5,2.0,walking,2.2075,0.20750000000000002,0.20750000000000002
v3_single,single_model,v3_full,s1_day2_test9_2mph,data/raw/subject_1_day2/Day2Test9IMU_0-2mph.xlsx,subject_1,day2,xlsx,steady_state,validation data,14,35.0,40.0,2.0,walking,2.5802062289562286,0.5802062289562286,0.5802062289562286
v3_single,single_model,v3_full,s1_day2_test9_2mph,data/raw/subject_1_day2/Day2Test9IMU_0-2mph.xlsx,subject_1,day2,xlsx,steady_state,validation data,15,37.5,42.5,2.0,walking,2.7002612085769977,0.7002612085769977,0.7002612085769977
v3_single,single_model,v3_full,s1_day2_test9_2mph,data/raw/subject_1_day2/Day2Test9IMU_0-2mph.xlsx,subject_1,day2,xlsx,steady_state,validation data,16,40.0,45.0,2.0,walking,2.8152677796642136,0.8152677796642136,0.8152677796642136
v3_single,single_model,v3_full,s1_day4_20260619_5mph_140spm_normal,data/raw/subject_1_day4/imu_recording_20260619_5mph_140spm_normal.csv,subject_1,day4,csv,cadence_normal,validation/cadence manipulation data; target cadence 140 spm,0,0.0,5.0,5.0,running,5.25264705882353,0.25264705882352967,0.25264705882352967
v3_single,single_model,v3_full,s1_day4_20260619_5mph_140spm_normal,data/raw/subject_1_day4/imu_recording_20260619_5mph_140spm_normal.csv,subject_1,day4,csv,cadence_normal,validation/cadence manipulation data; target cadence 140 spm,1,2.5,7.5,5.0,running,5.25764705882353,0.25764705882352956,0.25764705882352956
v3_single,single_model,v3_full,s1_day4_20260619_5mph_140spm_normal,data/raw/subject_1_day4/imu_recording_20260619_5mph_140spm_normal.csv,subject_1,day4,csv,cadence_normal,validation/cadence manipulation data; target cadence 140 spm,2,5.0,10.0,5.0,running,5.037647058823529,0.03764705882352892,0.03764705882352892
v3_single,single_model,v3_full,s1_day4_20260619_5mph_140spm_normal,data/raw/subject_1_day4/imu_recording_20260619_5mph_140spm_normal.csv,subject_1,day4,csv,cadence_normal,validation/cadence manipulation data; target cadence 140 spm,3,7.5,12.5,5.0,running,5.037647058823529,0.03764705882352892,0.03764705882352892
v3_single,single_model,v3_full,s1_day4_20260619_5mph_140spm_normal,data/raw/subject_1_day4/imu_recording_20260619_5mph_140spm_normal.csv,subject_1,day4,csv,cadence_normal,validation/cadence manipulation data; target cadence 140 spm,4,10.0,15.0,5.0,running,5.1743137254901965,0.17431372549019652,0.17431372549019652
v3_single,single_model,v3_full,s1_day4_20260619_5mph_140spm_normal,data/raw/subject_1_day4/imu_recording_20260619_5mph_140spm_normal.csv,subject_1,day4,csv,cadence_normal,validation/cadence manipulation data; target cadence 140 spm,5,12.5,17.5,5.0,running,5.175033422459893,0.17503342245989284,0.17503342245989284
v3_single,single_model,v3_full,s1_day4_20260619_5mph_140spm_normal,data/raw/subject_1_day4/imu_recording_20260619_5mph_140spm_normal.csv,subject_1,day4,csv,cadence_normal,validation/cadence manipulation data; target cadence 140 spm,6,15.0,20.0,5.0,running,5.099886363636363,0.09988636363636338,0.09988636363636338
v3_single,single_model,v3_full,s1_day4_20260619_5mph_140spm_normal,data/raw/subject_1_day4/imu_recording_20260619_5mph_140spm_normal.csv,subject_1,day4,csv,cadence_normal,validation/cadence manipulation data; target cadence 140 spm,7,17.5,22.5,5.0,running,5.129886363636364,0.12988636363636363,0.12988636363636363
v3_single,single_model,v3_full,s1_day4_20260619_5mph_140spm_normal,data/raw/subject_1_day4/imu_recording_20260619_5mph_140spm_normal.csv,subject_1,day4,csv,cadence_normal,validation/cadence manipulation data; target cadence 140 spm,8,20.0,25.0,5.0,running,5.195,0.19500000000000028,0.19500000000000028
v3_single,single_model,v3_full,s1_day4_20260619_5mph_140spm_normal,data/raw/subject_1_day4/imu_recording_20260619_5mph_140spm_normal.csv,subject_1,day4,csv,cadence_normal,validation/cadence manipulation data; target cadence 140 spm,9,22.5,27.5,5.0,running,5.2275,0.22750000000000004,0.22750000000000004
v3_single,single_model,v3_full,s1_day4_20260619_5mph_140spm_normal,data/raw/subject_1_day4/imu_recording_20260619_5mph_140spm_normal.csv,subject_1,day4,csv,cadence_normal,validation/cadence manipulation data; target cadence 140 spm,10,25.0,30.0,5.0,running,5.1875,0.1875,0.1875
v3_single,single_model,v3_full,s1_day4_20260619_5mph_140spm_normal,data/raw/subject_1_day4/imu_recording_20260619_5mph_140spm_normal.csv,subject_1,day4,csv,cadence_normal,validation/cadence manipulation data; target cadence 140 spm,11,27.5,32.5,5.0,running,5.0475,0.04750000000000032,0.04750000000000032
v3_single,single_model,v3_full,s1_day4_20260619_5mph_140spm_normal,data/raw/subject_1_day4/imu_recording_20260619_5mph_140spm_normal.csv,subject_1,day4,csv,cadence_normal,validation/cadence manipulation data; target cadence 140 spm,12,30.0,35.0,5.0,running,5.137533422459893,0.1375334224598932,0.1375334224598932
v3_single,single_model,v3_full,s1_day4_20260619_5mph_140spm_normal,data/raw/subject_1_day4/imu_recording_20260619_5mph_140spm_normal.csv,subject_1,day4,csv,cadence_normal,validation/cadence manipulation data; target cadence 140 spm,13,32.5,37.5,5.0,running,5.142386363636364,0.1423863636363638,0.1423863636363638
v3_single,single_model,v3_full,s1_day4_20260619_6mph_145spm_normal,data/raw/subject_1_day4/imu_recording_20260619_6mph_145spm_normal.csv,subject_1,day4,csv,cadence_normal,validation/cadence manipulation data; target cadence 145 spm,0,0.0,5.0,6.0,running,6.085010956354435,0.08501095635443523,0.08501095635443523
v3_single,single_model,v3_full,s1_day4_20260619_6mph_145spm_normal,data/raw/subject_1_day4/imu_recording_20260619_6mph_145spm_normal.csv,subject_1,day4,csv,cadence_normal,validation/cadence manipulation data; target cadence 145 spm,1,2.5,7.5,6.0,running,5.6095637254901956,-0.39043627450980445,0.39043627450980445
v3_single,single_model,v3_full,s1_day4_20260619_6mph_145spm_normal,data/raw/subject_1_day4/imu_recording_20260619_6mph_145spm_normal.csv,subject_1,day4,csv,cadence_normal,validation/cadence manipulation data; target cadence 145 spm,2,5.0,10.0,6.0,running,5.613458333333333,-0.386541666666667,0.386541666666667
v3_single,single_model,v3_full,s1_day4_20260619_6mph_145spm_normal,data/raw/subject_1_day4/imu_recording_20260619_6mph_145spm_normal.csv,subject_1,day4,csv,cadence_normal,validation/cadence manipulation data; target cadence 145 spm,3,7.5,12.5,6.0,running,5.659357142857143,-0.340642857142857,0.340642857142857
v3_single,single_model,v3_full,s1_day4_20260619_6mph_145spm_normal,data/raw/subject_1_day4/imu_recording_20260619_6mph_145spm_normal.csv,subject_1,day4,csv,cadence_normal,validation/cadence manipulation data; target cadence 145 spm,4,10.0,15.0,6.0,running,5.639563725490195,-0.3604362745098051,0.3604362745098051
v3_single,single_model,v3_full,s1_day4_20260619_6mph_145spm_normal,data/raw/subject_1_day4/imu_recording_20260619_6mph_145spm_normal.csv,subject_1,day4,csv,cadence_normal,validation/cadence manipulation data; target cadence 145 spm,5,12.5,17.5,6.0,running,5.6140220588235294,-0.38597794117647055,0.38597794117647055
v3_single,single_model,v3_full,s1_day4_20260619_6mph_145spm_normal,data/raw/subject_1_day4/imu_recording_20260619_6mph_145spm_normal.csv,subject_1,day4,csv,cadence_normal,validation/cadence manipulation data; target cadence 145 spm,6,15.0,20.0,6.0,running,5.632897058823529,-0.367102941176471,0.367102941176471
v3_single,single_model,v3_full,s1_day4_20260619_6mph_145spm_normal,data/raw/subject_1_day4/imu_recording_20260619_6mph_145spm_normal.csv,subject_1,day4,csv,cadence_normal,validation/cadence manipulation data; target cadence 145 spm,7,17.5,22.5,6.0,running,5.612897058823529,-0.3871029411764706,0.3871029411764706
v3_single,single_model,v3_full,s1_day4_20260619_6mph_145spm_normal,data/raw/subject_1_day4/imu_recording_20260619_6mph_145spm_normal.csv,subject_1,day4,csv,cadence_normal,validation/cadence manipulation data; target cadence 145 spm,8,20.0,25.0,6.0,running,5.636938725490196,-0.3630612745098043,0.3630612745098043
v3_single,single_model,v3_full,s1_day4_20260619_6mph_145spm_normal,data/raw/subject_1_day4/imu_recording_20260619_6mph_145spm_normal.csv,subject_1,day4,csv,cadence_normal,validation/cadence manipulation data; target cadence 145 spm,9,22.5,27.5,6.0,running,5.550754201680673,-0.4492457983193274,0.4492457983193274
v3_single,single_model,v3_full,s1_day4_20260619_6mph_145spm_normal,data/raw/subject_1_day4/imu_recording_20260619_6mph_145spm_normal.csv,subject_1,day4,csv,cadence_normal,validation/cadence manipulation data; target cadence 145 spm,10,25.0,30.0,6.0,running,5.550397058823529,-0.4496029411764706,0.4496029411764706
v3_single,single_model,v3_full,s1_day4_20260619_6mph_145spm_normal,data/raw/subject_1_day4/imu_recording_20260619_6mph_145spm_normal.csv,subject_1,day4,csv,cadence_normal,validation/cadence manipulation data; target cadence 145 spm,11,27.5,32.5,6.0,running,5.517897058823529,-0.48210294117647123,0.48210294117647123
v3_single,single_model,v3_full,s1_day4_20260619_6mph_145spm_normal,data/raw/subject_1_day4/imu_recording_20260619_6mph_145spm_normal.csv,subject_1,day4,csv,cadence_normal,validation/cadence manipulation data; target cadence 145 spm,12,30.0,35.0,6.0,running,5.599563725490196,-0.40043627450980424,0.40043627450980424
v3_single,single_model,v3_full,s1_day4_20260619_6mph_145spm_normal,data/raw/subject_1_day4/imu_recording_20260619_6mph_145spm_normal.csv,subject_1,day4,csv,cadence_normal,validation/cadence manipulation data; target cadence 145 spm,13,32.5,37.5,6.0,running,5.529438725490196,-0.47056127450980423,0.47056127450980423
v3_single,single_model,v3_full,s1_day4_20260619_6mph_145spm_normal,data/raw/subject_1_day4/imu_recording_20260619_6mph_145spm_normal.csv,subject_1,day4,csv,cadence_normal,validation/cadence manipulation data; target cadence 145 spm,14,35.0,40.0,6.0,running,5.490397058823529,-0.5096029411764711,0.5096029411764711
v3_single,single_model,v3_full,s1_day4_20260619_7mph_153spm_normal,data/raw/subject_1_day4/imu_recording_20260619_7mph_153spm_normal.csv,subject_1,day4,csv,cadence_normal,validation/cadence manipulation data; target cadence 153 spm,0,0.0,5.0,7.0,running,7.0222048955258956,0.02220489552589555,0.02220489552589555
v3_single,single_model,v3_full,s1_day4_20260619_7mph_153spm_normal,data/raw/subject_1_day4/imu_recording_20260619_7mph_153spm_normal.csv,subject_1,day4,csv,cadence_normal,validation/cadence manipulation data; target cadence 153 spm,1,2.5,7.5,7.0,running,7.077576970393336,0.077576970393336,0.077576970393336
v3_single,single_model,v3_full,s1_day4_20260619_7mph_153spm_normal,data/raw/subject_1_day4/imu_recording_20260619_7mph_153spm_normal.csv,subject_1,day4,csv,cadence_normal,validation/cadence manipulation data; target cadence 153 spm,2,5.0,10.0,7.0,running,7.01792604937205,0.01792604937204967,0.01792604937204967
v3_single,single_model,v3_full,s1_day4_20260619_7mph_153spm_normal,data/raw/subject_1_day4/imu_recording_20260619_7mph_153spm_normal.csv,subject_1,day4,csv,cadence_normal,validation/cadence manipulation data; target cadence 153 spm,3,7.5,12.5,7.0,running,7.0238940699136005,0.023894069913600546,0.023894069913600546
v3_single,single_model,v3_full,s1_day4_20260619_7mph_153spm_normal,data/raw/subject_1_day4/imu_recording_20260619_7mph_153spm_normal.csv,subject_1,day4,csv,cadence_normal,validation/cadence manipulation data; target cadence 153 spm,4,10.0,15.0,7.0,running,7.045608426414239,0.04560842641423868,0.04560842641423868
v3_single,single_model,v3_full,s1_day4_20260619_7mph_153spm_normal,data/raw/subject_1_day4/imu_recording_20260619_7mph_153spm_normal.csv,subject_1,day4,csv,cadence_normal,validation/cadence manipulation data; target cadence 153 spm,5,12.5,17.5,7.0,running,7.034934815303127,0.03493481530312703,0.03493481530312703
v3_single,single_model,v3_full,s1_day4_20260619_7mph_153spm_normal,data/raw/subject_1_day4/imu_recording_20260619_7mph_153spm_normal.csv,subject_1,day4,csv,cadence_normal,validation/cadence manipulation data; target cadence 153 spm,6,15.0,20.0,7.0,running,7.0834536644632395,0.08345366446323954,0.08345366446323954
v3_single,single_model,v3_full,s1_day4_20260619_7mph_153spm_normal,data/raw/subject_1_day4/imu_recording_20260619_7mph_153spm_normal.csv,subject_1,day4,csv,cadence_normal,validation/cadence manipulation data; target cadence 153 spm,7,17.5,22.5,7.0,running,7.109906157964613,0.10990615796461256,0.10990615796461256
v3_single,single_model,v3_full,s1_day4_20260619_7mph_153spm_normal,data/raw/subject_1_day4/imu_recording_20260619_7mph_153spm_normal.csv,subject_1,day4,csv,cadence_normal,validation/cadence manipulation data; target cadence 153 spm,8,20.0,25.0,7.0,running,7.081889872064105,0.08188987206410481,0.08188987206410481
v3_single,single_model,v3_full,s1_day4_20260619_7mph_153spm_normal,data/raw/subject_1_day4/imu_recording_20260619_7mph_153spm_normal.csv,subject_1,day4,csv,cadence_normal,validation/cadence manipulation data; target cadence 153 spm,9,22.5,27.5,7.0,running,6.999875787499421,-0.00012421250057936817,0.00012421250057936817
v3_single,single_model,v3_full,s1_day4_20260619_7mph_153spm_normal,data/raw/subject_1_day4/imu_recording_20260619_7mph_153spm_normal.csv,subject_1,day4,csv,cadence_normal,validation/cadence manipulation data; target cadence 153 spm,10,25.0,30.0,7.0,running,7.025000058066899,0.0250000580668992,0.0250000580668992
v3_single,single_model,v3_full,s1_day4_20260619_7mph_153spm_normal,data/raw/subject_1_day4/imu_recording_20260619_7mph_153spm_normal.csv,subject_1,day4,csv,cadence_normal,validation/cadence manipulation data; target cadence 153 spm,11,27.5,32.5,7.0,running,6.3376086956521736,-0.6623913043478264,0.6623913043478264
v3_single,single_model,v3_full,s1_day4_20260619_7mph_153spm_normal,data/raw/subject_1_day4/imu_recording_20260619_7mph_153spm_normal.csv,subject_1,day4,csv,cadence_normal,validation/cadence manipulation data; target cadence 153 spm,12,30.0,35.0,7.0,running,7.065006157964612,0.0650061579646124,0.0650061579646124
v3_single,single_model,v3_full,s1_day4_20260619_7mph_153spm_normal,data/raw/subject_1_day4/imu_recording_20260619_7mph_153spm_normal.csv,subject_1,day4,csv,cadence_normal,validation/cadence manipulation data; target cadence 153 spm,13,32.5,37.5,7.0,running,7.078617269075724,0.07861726907572386,0.07861726907572386
v3_single,single_model,v3_full,s1_day4_20260619_7mph_153spm_normal,data/raw/subject_1_day4/imu_recording_20260619_7mph_153spm_normal.csv,subject_1,day4,csv,cadence_normal,validation/cadence manipulation data; target cadence 153 spm,14,35.0,40.0,7.0,running,7.060181755595645,0.06018175559564476,0.06018175559564476
v3_single,single_model,v3_full,s1_day4_20260619_7mph_153spm_normal,data/raw/subject_1_day4/imu_recording_20260619_7mph_153spm_normal.csv,subject_1,day4,csv,cadence_normal,validation/cadence manipulation data; target cadence 153 spm,15,37.5,42.5,7.0,running,6.914743623000987,-0.08525637699901267,0.08525637699901267
v3_single,single_model,v3_full,s1_day4_20260619_7mph_153spm_normal,data/raw/subject_1_day4/imu_recording_20260619_7mph_153spm_normal.csv,subject_1,day4,csv,cadence_normal,validation/cadence manipulation data; target cadence 153 spm,16,40.0,45.0,7.0,running,6.875015663052685,-0.12498433694731492,0.12498433694731492
v3_single,single_model,v3_full,s1_day4_20260619_7mph_153spm_normal,data/raw/subject_1_day4/imu_recording_20260619_7mph_153spm_normal.csv,subject_1,day4,csv,cadence_normal,validation/cadence manipulation data; target cadence 153 spm,17,42.5,47.5,7.0,running,7.075429108761093,0.07542910876109321,0.07542910876109321
oracle_regime,walking_v2_running_v3_oracle_actual_speed,v2_if_speed_lt_5_else_v3,s1_day2_test5_8mph,data/raw/subject_1_day2/Day2Test5IMU_8-8mph.xlsx,subject_1,day2,xlsx,steady_state,validation data; selected 8 mph validation file,0,0.0,5.0,8.0,running,8.40001488095238,0.40001488095238,0.40001488095238
oracle_regime,walking_v2_running_v3_oracle_actual_speed,v2_if_speed_lt_5_else_v3,s1_day2_test5_8mph,data/raw/subject_1_day2/Day2Test5IMU_8-8mph.xlsx,subject_1,day2,xlsx,steady_state,validation data; selected 8 mph validation file,1,2.5,7.5,8.0,running,8.3775,0.3774999999999995,0.3774999999999995
oracle_regime,walking_v2_running_v3_oracle_actual_speed,v2_if_speed_lt_5_else_v3,s1_day2_test5_8mph,data/raw/subject_1_day2/Day2Test5IMU_8-8mph.xlsx,subject_1,day2,xlsx,steady_state,validation data; selected 8 mph validation file,2,5.0,10.0,8.0,running,8.414910714285714,0.414910714285714,0.414910714285714
oracle_regime,walking_v2_running_v3_oracle_actual_speed,v2_if_speed_lt_5_else_v3,s1_day2_test5_8mph,data/raw/subject_1_day2/Day2Test5IMU_8-8mph.xlsx,subject_1,day2,xlsx,steady_state,validation data; selected 8 mph validation file,3,7.5,12.5,8.0,running,8.352297489648032,0.3522974896480324,0.3522974896480324
oracle_regime,walking_v2_running_v3_oracle_actual_speed,v2_if_speed_lt_5_else_v3,s1_day2_test5_8mph,data/raw/subject_1_day2/Day2Test5IMU_8-8mph.xlsx,subject_1,day2,xlsx,steady_state,validation data; selected 8 mph validation file,4,10.0,15.0,8.0,running,8.397264254385965,0.3972642543859646,0.3972642543859646
oracle_regime,walking_v2_running_v3_oracle_actual_speed,v2_if_speed_lt_5_else_v3,s1_day2_test5_8mph,data/raw/subject_1_day2/Day2Test5IMU_8-8mph.xlsx,subject_1,day2,xlsx,steady_state,validation data; selected 8 mph validation file,5,12.5,17.5,8.0,running,8.237151029748283,0.23715102974828284,0.23715102974828284
oracle_regime,walking_v2_running_v3_oracle_actual_speed,v2_if_speed_lt_5_else_v3,s1_day2_test5_8mph,data/raw/subject_1_day2/Day2Test5IMU_8-8mph.xlsx,subject_1,day2,xlsx,steady_state,validation data; selected 8 mph validation file,6,15.0,20.0,8.0,running,8.2575,0.2575000000000003,0.2575000000000003
oracle_regime,walking_v2_running_v3_oracle_actual_speed,v2_if_speed_lt_5_else_v3,s1_day2_test5_8mph,data/raw/subject_1_day2/Day2Test5IMU_8-8mph.xlsx,subject_1,day2,xlsx,steady_state,validation data; selected 8 mph validation file,7,17.5,22.5,8.0,running,8.216933638443937,0.21693363844393687,0.21693363844393687
oracle_regime,walking_v2_running_v3_oracle_actual_speed,v2_if_speed_lt_5_else_v3,s1_day2_test5_8mph,data/raw/subject_1_day2/Day2Test5IMU_8-8mph.xlsx,subject_1,day2,xlsx,steady_state,validation data; selected 8 mph validation file,8,20.0,25.0,8.0,running,8.36224031546257,0.36224031546256974,0.36224031546256974
oracle_regime,walking_v2_running_v3_oracle_actual_speed,v2_if_speed_lt_5_else_v3,s1_day2_test5_8mph,data/raw/subject_1_day2/Day2Test5IMU_8-8mph.xlsx,subject_1,day2,xlsx,steady_state,validation data; selected 8 mph validation file,9,22.5,27.5,8.0,running,8.369759725400458,0.3697597254004581,0.3697597254004581
oracle_regime,walking_v2_running_v3_oracle_actual_speed,v2_if_speed_lt_5_else_v3,s1_day2_test5_8mph,data/raw/subject_1_day2/Day2Test5IMU_8-8mph.xlsx,subject_1,day2,xlsx,steady_state,validation data; selected 8 mph validation file,10,25.0,30.0,8.0,running,8.32954233409611,0.3295423340961108,0.3295423340961108
oracle_regime,walking_v2_running_v3_oracle_actual_speed,v2_if_speed_lt_5_else_v3,s1_day2_test5_8mph,data/raw/subject_1_day2/Day2Test5IMU_8-8mph.xlsx,subject_1,day2,xlsx,steady_state,validation data; selected 8 mph validation file,11,27.5,32.5,8.0,running,8.217151029748283,0.21715102974828326,0.21715102974828326
oracle_regime,walking_v2_running_v3_oracle_actual_speed,v2_if_speed_lt_5_else_v3,s1_day2_test5_8mph,data/raw/subject_1_day2/Day2Test5IMU_8-8mph.xlsx,subject_1,day2,xlsx,steady_state,validation data; selected 8 mph validation file,12,30.0,35.0,8.0,running,8.204651029748284,0.20465102974828397,0.20465102974828397
oracle_regime,walking_v2_running_v3_oracle_actual_speed,v2_if_speed_lt_5_else_v3,s1_day2_test5_8mph,data/raw/subject_1_day2/Day2Test5IMU_8-8mph.xlsx,subject_1,day2,xlsx,steady_state,validation data; selected 8 mph validation file,13,32.5,37.5,8.0,running,8.374651029748284,0.3746510297482839,0.3746510297482839
oracle_regime,walking_v2_running_v3_oracle_actual_speed,v2_if_speed_lt_5_else_v3,s1_day2_test5_8mph,data/raw/subject_1_day2/Day2Test5IMU_8-8mph.xlsx,subject_1,day2,xlsx,steady_state,validation data; selected 8 mph validation file,14,35.0,40.0,8.0,running,8.1525,0.15249999999999986,0.15249999999999986
oracle_regime,walking_v2_running_v3_oracle_actual_speed,v2_if_speed_lt_5_else_v3,s1_day2_test7_4mph,data/raw/subject_1_day2/Day2Test7IMU_0-4mph.xlsx,subject_1,day2,xlsx,steady_state,validation data,0,0.0,5.0,4.0,walking,4.0975,0.09750000000000014,0.09750000000000014
oracle_regime,walking_v2_running_v3_oracle_actual_speed,v2_if_speed_lt_5_else_v3,s1_day2_test7_4mph,data/raw/subject_1_day2/Day2Test7IMU_0-4mph.xlsx,subject_1,day2,xlsx,steady_state,validation data,1,2.5,7.5,4.0,walking,4.125,0.125,0.125
oracle_regime,walking_v2_running_v3_oracle_actual_speed,v2_if_speed_lt_5_else_v3,s1_day2_test7_4mph,data/raw/subject_1_day2/Day2Test7IMU_0-4mph.xlsx,subject_1,day2,xlsx,steady_state,validation data,2,5.0,10.0,4.0,walking,4.235,0.23500000000000032,0.23500000000000032
oracle_regime,walking_v2_running_v3_oracle_actual_speed,v2_if_speed_lt_5_else_v3,s1_day2_test7_4mph,data/raw/subject_1_day2/Day2Test7IMU_0-4mph.xlsx,subject_1,day2,xlsx,steady_state,validation data,3,7.5,12.5,4.0,walking,4.16,0.16000000000000014,0.16000000000000014
oracle_regime,walking_v2_running_v3_oracle_actual_speed,v2_if_speed_lt_5_else_v3,s1_day2_test7_4mph,data/raw/subject_1_day2/Day2Test7IMU_0-4mph.xlsx,subject_1,day2,xlsx,steady_state,validation data,4,10.0,15.0,4.0,walking,4.125,0.125,0.125
oracle_regime,walking_v2_running_v3_oracle_actual_speed,v2_if_speed_lt_5_else_v3,s1_day2_test7_4mph,data/raw/subject_1_day2/Day2Test7IMU_0-4mph.xlsx,subject_1,day2,xlsx,steady_state,validation data,5,12.5,17.5,4.0,walking,4.09,0.08999999999999986,0.08999999999999986
oracle_regime,walking_v2_running_v3_oracle_actual_speed,v2_if_speed_lt_5_else_v3,s1_day2_test7_4mph,data/raw/subject_1_day2/Day2Test7IMU_0-4mph.xlsx,subject_1,day2,xlsx,steady_state,validation data,6,15.0,20.0,4.0,walking,4.1925,0.1924999999999999,0.1924999999999999
oracle_regime,walking_v2_running_v3_oracle_actual_speed,v2_if_speed_lt_5_else_v3,s1_day2_test7_4mph,data/raw/subject_1_day2/Day2Test7IMU_0-4mph.xlsx,subject_1,day2,xlsx,steady_state,validation data,7,17.5,22.5,4.0,walking,4.2075,0.20749999999999957,0.20749999999999957
oracle_regime,walking_v2_running_v3_oracle_actual_speed,v2_if_speed_lt_5_else_v3,s1_day2_test7_4mph,data/raw/subject_1_day2/Day2Test7IMU_0-4mph.xlsx,subject_1,day2,xlsx,steady_state,validation data,8,20.0,25.0,4.0,walking,4.21,0.20999999999999996,0.20999999999999996
oracle_regime,walking_v2_running_v3_oracle_actual_speed,v2_if_speed_lt_5_else_v3,s1_day2_test7_4mph,data/raw/subject_1_day2/Day2Test7IMU_0-4mph.xlsx,subject_1,day2,xlsx,steady_state,validation data,9,22.5,27.5,4.0,walking,4.2075,0.20749999999999957,0.20749999999999957
oracle_regime,walking_v2_running_v3_oracle_actual_speed,v2_if_speed_lt_5_else_v3,s1_day2_test7_4mph,data/raw/subject_1_day2/Day2Test7IMU_0-4mph.xlsx,subject_1,day2,xlsx,steady_state,validation data,10,25.0,30.0,4.0,walking,4.2075,0.20749999999999957,0.20749999999999957
oracle_regime,walking_v2_running_v3_oracle_actual_speed,v2_if_speed_lt_5_else_v3,s1_day2_test7_4mph,data/raw/subject_1_day2/Day2Test7IMU_0-4mph.xlsx,subject_1,day2,xlsx,steady_state,validation data,11,27.5,32.5,4.0,walking,4.2075,0.20749999999999957,0.20749999999999957
oracle_regime,walking_v2_running_v3_oracle_actual_speed,v2_if_speed_lt_5_else_v3,s1_day2_test7_4mph,data/raw/subject_1_day2/Day2Test7IMU_0-4mph.xlsx,subject_1,day2,xlsx,steady_state,validation data,12,30.0,35.0,4.0,walking,4.19,0.1900000000000004,0.1900000000000004
oracle_regime,walking_v2_running_v3_oracle_actual_speed,v2_if_speed_lt_5_else_v3,s1_day2_test7_4mph,data/raw/subject_1_day2/Day2Test7IMU_0-4mph.xlsx,subject_1,day2,xlsx,steady_state,validation data,13,32.5,37.5,4.0,walking,4.2025,0.20249999999999968,0.20249999999999968
oracle_regime,walking_v2_running_v3_oracle_actual_speed,v2_if_speed_lt_5_else_v3,s1_day2_test7_4mph,data/raw/subject_1_day2/Day2Test7IMU_0-4mph.xlsx,subject_1,day2,xlsx,steady_state,validation data,14,35.0,40.0,4.0,walking,4.215,0.21499999999999986,0.21499999999999986
oracle_regime,walking_v2_running_v3_oracle_actual_speed,v2_if_speed_lt_5_else_v3,s1_day2_test7_4mph,data/raw/subject_1_day2/Day2Test7IMU_0-4mph.xlsx,subject_1,day2,xlsx,steady_state,validation data,15,37.5,42.5,4.0,walking,4.245,0.2450000000000001,0.2450000000000001
oracle_regime,walking_v2_running_v3_oracle_actual_speed,v2_if_speed_lt_5_else_v3,s1_day2_test8_3mph,data/raw/subject_1_day2/Day2Test8IMU_0-3mph.xlsx,subject_1,day2,xlsx,steady_state,validation data,0,0.0,5.0,3.0,walking,3.185,0.18500000000000005,0.18500000000000005
oracle_regime,walking_v2_running_v3_oracle_actual_speed,v2_if_speed_lt_5_else_v3,s1_day2_test8_3mph,data/raw/subject_1_day2/Day2Test8IMU_0-3mph.xlsx,subject_1,day2,xlsx,steady_state,validation data,1,2.5,7.5,3.0,walking,3.175,0.17499999999999982,0.17499999999999982
oracle_regime,walking_v2_running_v3_oracle_actual_speed,v2_if_speed_lt_5_else_v3,s1_day2_test8_3mph,data/raw/subject_1_day2/Day2Test8IMU_0-3mph.xlsx,subject_1,day2,xlsx,steady_state,validation data,2,5.0,10.0,3.0,walking,3.1675,0.16749999999999998,0.16749999999999998
oracle_regime,walking_v2_running_v3_oracle_actual_speed,v2_if_speed_lt_5_else_v3,s1_day2_test8_3mph,data/raw/subject_1_day2/Day2Test8IMU_0-3mph.xlsx,subject_1,day2,xlsx,steady_state,validation data,3,7.5,12.5,3.0,walking,3.115,0.11500000000000021,0.11500000000000021
oracle_regime,walking_v2_running_v3_oracle_actual_speed,v2_if_speed_lt_5_else_v3,s1_day2_test8_3mph,data/raw/subject_1_day2/Day2Test8IMU_0-3mph.xlsx,subject_1,day2,xlsx,steady_state,validation data,4,10.0,15.0,3.0,walking,3.135,0.1349999999999998,0.1349999999999998
oracle_regime,walking_v2_running_v3_oracle_actual_speed,v2_if_speed_lt_5_else_v3,s1_day2_test8_3mph,data/raw/subject_1_day2/Day2Test8IMU_0-3mph.xlsx,subject_1,day2,xlsx,steady_state,validation data,5,12.5,17.5,3.0,walking,3.1525,0.15249999999999986,0.15249999999999986
oracle_regime,walking_v2_running_v3_oracle_actual_speed,v2_if_speed_lt_5_else_v3,s1_day2_test8_3mph,data/raw/subject_1_day2/Day2Test8IMU_0-3mph.xlsx,subject_1,day2,xlsx,steady_state,validation data,6,15.0,20.0,3.0,walking,3.11,0.10999999999999988,0.10999999999999988
oracle_regime,walking_v2_running_v3_oracle_actual_speed,v2_if_speed_lt_5_else_v3,s1_day2_test8_3mph,data/raw/subject_1_day2/Day2Test8IMU_0-3mph.xlsx,subject_1,day2,xlsx,steady_state,validation data,7,17.5,22.5,3.0,walking,3.08,0.08000000000000007,0.08000000000000007
oracle_regime,walking_v2_running_v3_oracle_actual_speed,v2_if_speed_lt_5_else_v3,s1_day2_test8_3mph,data/raw/subject_1_day2/Day2Test8IMU_0-3mph.xlsx,subject_1,day2,xlsx,steady_state,validation data,8,20.0,25.0,3.0,walking,3.0925,0.0924999999999998,0.0924999999999998
oracle_regime,walking_v2_running_v3_oracle_actual_speed,v2_if_speed_lt_5_else_v3,s1_day2_test8_3mph,data/raw/subject_1_day2/Day2Test8IMU_0-3mph.xlsx,subject_1,day2,xlsx,steady_state,validation data,9,22.5,27.5,3.0,walking,3.1675,0.16749999999999998,0.16749999999999998
oracle_regime,walking_v2_running_v3_oracle_actual_speed,v2_if_speed_lt_5_else_v3,s1_day2_test8_3mph,data/raw/subject_1_day2/Day2Test8IMU_0-3mph.xlsx,subject_1,day2,xlsx,steady_state,validation data,10,25.0,30.0,3.0,walking,3.215,0.21499999999999986,0.21499999999999986
oracle_regime,walking_v2_running_v3_oracle_actual_speed,v2_if_speed_lt_5_else_v3,s1_day2_test8_3mph,data/raw/subject_1_day2/Day2Test8IMU_0-3mph.xlsx,subject_1,day2,xlsx,steady_state,validation data,11,27.5,32.5,3.0,walking,3.175,0.17499999999999982,0.17499999999999982
oracle_regime,walking_v2_running_v3_oracle_actual_speed,v2_if_speed_lt_5_else_v3,s1_day2_test8_3mph,data/raw/subject_1_day2/Day2Test8IMU_0-3mph.xlsx,subject_1,day2,xlsx,steady_state,validation data,12,30.0,35.0,3.0,walking,3.1375,0.13750000000000018,0.13750000000000018
oracle_regime,walking_v2_running_v3_oracle_actual_speed,v2_if_speed_lt_5_else_v3,s1_day2_test8_3mph,data/raw/subject_1_day2/Day2Test8IMU_0-3mph.xlsx,subject_1,day2,xlsx,steady_state,validation data,13,32.5,37.5,3.0,walking,3.1675,0.16749999999999998,0.16749999999999998
oracle_regime,walking_v2_running_v3_oracle_actual_speed,v2_if_speed_lt_5_else_v3,s1_day2_test8_3mph,data/raw/subject_1_day2/Day2Test8IMU_0-3mph.xlsx,subject_1,day2,xlsx,steady_state,validation data,14,35.0,40.0,3.0,walking,3.12,0.1200000000000001,0.1200000000000001
oracle_regime,walking_v2_running_v3_oracle_actual_speed,v2_if_speed_lt_5_else_v3,s1_day2_test9_2mph,data/raw/subject_1_day2/Day2Test9IMU_0-2mph.xlsx,subject_1,day2,xlsx,steady_state,validation data,0,0.0,5.0,2.0,walking,2.105,0.10499999999999998,0.10499999999999998
oracle_regime,walking_v2_running_v3_oracle_actual_speed,v2_if_speed_lt_5_else_v3,s1_day2_test9_2mph,data/raw/subject_1_day2/Day2Test9IMU_0-2mph.xlsx,subject_1,day2,xlsx,steady_state,validation data,1,2.5,7.5,2.0,walking,2.0075,0.00749999999999984,0.00749999999999984
oracle_regime,walking_v2_running_v3_oracle_actual_speed,v2_if_speed_lt_5_else_v3,s1_day2_test9_2mph,data/raw/subject_1_day2/Day2Test9IMU_0-2mph.xlsx,subject_1,day2,xlsx,steady_state,validation data,2,5.0,10.0,2.0,walking,2.105,0.10499999999999998,0.10499999999999998
oracle_regime,walking_v2_running_v3_oracle_actual_speed,v2_if_speed_lt_5_else_v3,s1_day2_test9_2mph,data/raw/subject_1_day2/Day2Test9IMU_0-2mph.xlsx,subject_1,day2,xlsx,steady_state,validation data,3,7.5,12.5,2.0,walking,2.2175,0.2174999999999998,0.2174999999999998
oracle_regime,walking_v2_running_v3_oracle_actual_speed,v2_if_speed_lt_5_else_v3,s1_day2_test9_2mph,data/raw/subject_1_day2/Day2Test9IMU_0-2mph.xlsx,subject_1,day2,xlsx,steady_state,validation data,4,10.0,15.0,2.0,walking,2.39,0.3900000000000001,0.3900000000000001
oracle_regime,walking_v2_running_v3_oracle_actual_speed,v2_if_speed_lt_5_else_v3,s1_day2_test9_2mph,data/raw/subject_1_day2/Day2Test9IMU_0-2mph.xlsx,subject_1,day2,xlsx,steady_state,validation data,5,12.5,17.5,2.0,walking,2.2625,0.2625000000000002,0.2625000000000002
oracle_regime,walking_v2_running_v3_oracle_actual_speed,v2_if_speed_lt_5_else_v3,s1_day2_test9_2mph,data/raw/subject_1_day2/Day2Test9IMU_0-2mph.xlsx,subject_1,day2,xlsx,steady_state,validation data,6,15.0,20.0,2.0,walking,2.115,0.11500000000000021,0.11500000000000021
oracle_regime,walking_v2_running_v3_oracle_actual_speed,v2_if_speed_lt_5_else_v3,s1_day2_test9_2mph,data/raw/subject_1_day2/Day2Test9IMU_0-2mph.xlsx,subject_1,day2,xlsx,steady_state,validation data,7,17.5,22.5,2.0,walking,2.2125,0.2124999999999999,0.2124999999999999
oracle_regime,walking_v2_running_v3_oracle_actual_speed,v2_if_speed_lt_5_else_v3,s1_day2_test9_2mph,data/raw/subject_1_day2/Day2Test9IMU_0-2mph.xlsx,subject_1,day2,xlsx,steady_state,validation data,8,20.0,25.0,2.0,walking,2.135,0.1349999999999998,0.1349999999999998
oracle_regime,walking_v2_running_v3_oracle_actual_speed,v2_if_speed_lt_5_else_v3,s1_day2_test9_2mph,data/raw/subject_1_day2/Day2Test9IMU_0-2mph.xlsx,subject_1,day2,xlsx,steady_state,validation data,9,22.5,27.5,2.0,walking,2.115,0.11500000000000021,0.11500000000000021
oracle_regime,walking_v2_running_v3_oracle_actual_speed,v2_if_speed_lt_5_else_v3,s1_day2_test9_2mph,data/raw/subject_1_day2/Day2Test9IMU_0-2mph.xlsx,subject_1,day2,xlsx,steady_state,validation data,10,25.0,30.0,2.0,walking,2.135,0.1349999999999998,0.1349999999999998
oracle_regime,walking_v2_running_v3_oracle_actual_speed,v2_if_speed_lt_5_else_v3,s1_day2_test9_2mph,data/raw/subject_1_day2/Day2Test9IMU_0-2mph.xlsx,subject_1,day2,xlsx,steady_state,validation data,11,27.5,32.5,2.0,walking,2.135,0.1349999999999998,0.1349999999999998
oracle_regime,walking_v2_running_v3_oracle_actual_speed,v2_if_speed_lt_5_else_v3,s1_day2_test9_2mph,data/raw/subject_1_day2/Day2Test9IMU_0-2mph.xlsx,subject_1,day2,xlsx,steady_state,validation data,12,30.0,35.0,2.0,walking,2.1325,0.13249999999999984,0.13249999999999984
oracle_regime,walking_v2_running_v3_oracle_actual_speed,v2_if_speed_lt_5_else_v3,s1_day2_test9_2mph,data/raw/subject_1_day2/Day2Test9IMU_0-2mph.xlsx,subject_1,day2,xlsx,steady_state,validation data,13,32.5,37.5,2.0,walking,2.1325,0.13249999999999984,0.13249999999999984
oracle_regime,walking_v2_running_v3_oracle_actual_speed,v2_if_speed_lt_5_else_v3,s1_day2_test9_2mph,data/raw/subject_1_day2/Day2Test9IMU_0-2mph.xlsx,subject_1,day2,xlsx,steady_state,validation data,14,35.0,40.0,2.0,walking,2.0975,0.09750000000000014,0.09750000000000014
oracle_regime,walking_v2_running_v3_oracle_actual_speed,v2_if_speed_lt_5_else_v3,s1_day2_test9_2mph,data/raw/subject_1_day2/Day2Test9IMU_0-2mph.xlsx,subject_1,day2,xlsx,steady_state,validation data,15,37.5,42.5,2.0,walking,2.0975,0.09750000000000014,0.09750000000000014
oracle_regime,walking_v2_running_v3_oracle_actual_speed,v2_if_speed_lt_5_else_v3,s1_day2_test9_2mph,data/raw/subject_1_day2/Day2Test9IMU_0-2mph.xlsx,subject_1,day2,xlsx,steady_state,validation data,16,40.0,45.0,2.0,walking,2.1375,0.13750000000000018,0.13750000000000018
oracle_regime,walking_v2_running_v3_oracle_actual_speed,v2_if_speed_lt_5_else_v3,s1_day4_20260619_5mph_140spm_normal,data/raw/subject_1_day4/imu_recording_20260619_5mph_140spm_normal.csv,subject_1,day4,csv,cadence_normal,validation/cadence manipulation data; target cadence 140 spm,0,0.0,5.0,5.0,running,5.385,0.3849999999999998,0.3849999999999998
oracle_regime,walking_v2_running_v3_oracle_actual_speed,v2_if_speed_lt_5_else_v3,s1_day4_20260619_5mph_140spm_normal,data/raw/subject_1_day4/imu_recording_20260619_5mph_140spm_normal.csv,subject_1,day4,csv,cadence_normal,validation/cadence manipulation data; target cadence 140 spm,1,2.5,7.5,5.0,running,5.375,0.375,0.375
oracle_regime,walking_v2_running_v3_oracle_actual_speed,v2_if_speed_lt_5_else_v3,s1_day4_20260619_5mph_140spm_normal,data/raw/subject_1_day4/imu_recording_20260619_5mph_140spm_normal.csv,subject_1,day4,csv,cadence_normal,validation/cadence manipulation data; target cadence 140 spm,2,5.0,10.0,5.0,running,5.0425,0.042500000000000426,0.042500000000000426
oracle_regime,walking_v2_running_v3_oracle_actual_speed,v2_if_speed_lt_5_else_v3,s1_day4_20260619_5mph_140spm_normal,data/raw/subject_1_day4/imu_recording_20260619_5mph_140spm_normal.csv,subject_1,day4,csv,cadence_normal,validation/cadence manipulation data; target cadence 140 spm,3,7.5,12.5,5.0,running,5.0425,0.042500000000000426,0.042500000000000426
oracle_regime,walking_v2_running_v3_oracle_actual_speed,v2_if_speed_lt_5_else_v3,s1_day4_20260619_5mph_140spm_normal,data/raw/subject_1_day4/imu_recording_20260619_5mph_140spm_normal.csv,subject_1,day4,csv,cadence_normal,validation/cadence manipulation data; target cadence 140 spm,4,10.0,15.0,5.0,running,5.135,0.1349999999999998,0.1349999999999998
oracle_regime,walking_v2_running_v3_oracle_actual_speed,v2_if_speed_lt_5_else_v3,s1_day4_20260619_5mph_140spm_normal,data/raw/subject_1_day4/imu_recording_20260619_5mph_140spm_normal.csv,subject_1,day4,csv,cadence_normal,validation/cadence manipulation data; target cadence 140 spm,5,12.5,17.5,5.0,running,5.1375,0.13750000000000018,0.13750000000000018
oracle_regime,walking_v2_running_v3_oracle_actual_speed,v2_if_speed_lt_5_else_v3,s1_day4_20260619_5mph_140spm_normal,data/raw/subject_1_day4/imu_recording_20260619_5mph_140spm_normal.csv,subject_1,day4,csv,cadence_normal,validation/cadence manipulation data; target cadence 140 spm,6,15.0,20.0,5.0,running,5.105,0.10500000000000043,0.10500000000000043
oracle_regime,walking_v2_running_v3_oracle_actual_speed,v2_if_speed_lt_5_else_v3,s1_day4_20260619_5mph_140spm_normal,data/raw/subject_1_day4/imu_recording_20260619_5mph_140spm_normal.csv,subject_1,day4,csv,cadence_normal,validation/cadence manipulation data; target cadence 140 spm,7,17.5,22.5,5.0,running,5.12,0.1200000000000001,0.1200000000000001
oracle_regime,walking_v2_running_v3_oracle_actual_speed,v2_if_speed_lt_5_else_v3,s1_day4_20260619_5mph_140spm_normal,data/raw/subject_1_day4/imu_recording_20260619_5mph_140spm_normal.csv,subject_1,day4,csv,cadence_normal,validation/cadence manipulation data; target cadence 140 spm,8,20.0,25.0,5.0,running,5.0775,0.07749999999999968,0.07749999999999968
oracle_regime,walking_v2_running_v3_oracle_actual_speed,v2_if_speed_lt_5_else_v3,s1_day4_20260619_5mph_140spm_normal,data/raw/subject_1_day4/imu_recording_20260619_5mph_140spm_normal.csv,subject_1,day4,csv,cadence_normal,validation/cadence manipulation data; target cadence 140 spm,9,22.5,27.5,5.0,running,5.0775,0.07749999999999968,0.07749999999999968
oracle_regime,walking_v2_running_v3_oracle_actual_speed,v2_if_speed_lt_5_else_v3,s1_day4_20260619_5mph_140spm_normal,data/raw/subject_1_day4/imu_recording_20260619_5mph_140spm_normal.csv,subject_1,day4,csv,cadence_normal,validation/cadence manipulation data; target cadence 140 spm,10,25.0,30.0,5.0,running,5.07,0.07000000000000028,0.07000000000000028
oracle_regime,walking_v2_running_v3_oracle_actual_speed,v2_if_speed_lt_5_else_v3,s1_day4_20260619_5mph_140spm_normal,data/raw/subject_1_day4/imu_recording_20260619_5mph_140spm_normal.csv,subject_1,day4,csv,cadence_normal,validation/cadence manipulation data; target cadence 140 spm,11,27.5,32.5,5.0,running,5.05,0.04999999999999982,0.04999999999999982
oracle_regime,walking_v2_running_v3_oracle_actual_speed,v2_if_speed_lt_5_else_v3,s1_day4_20260619_5mph_140spm_normal,data/raw/subject_1_day4/imu_recording_20260619_5mph_140spm_normal.csv,subject_1,day4,csv,cadence_normal,validation/cadence manipulation data; target cadence 140 spm,12,30.0,35.0,5.0,running,5.1225,0.12249999999999961,0.12249999999999961
oracle_regime,walking_v2_running_v3_oracle_actual_speed,v2_if_speed_lt_5_else_v3,s1_day4_20260619_5mph_140spm_normal,data/raw/subject_1_day4/imu_recording_20260619_5mph_140spm_normal.csv,subject_1,day4,csv,cadence_normal,validation/cadence manipulation data; target cadence 140 spm,13,32.5,37.5,5.0,running,5.11,0.11000000000000032,0.11000000000000032
oracle_regime,walking_v2_running_v3_oracle_actual_speed,v2_if_speed_lt_5_else_v3,s1_day4_20260619_6mph_145spm_normal,data/raw/subject_1_day4/imu_recording_20260619_6mph_145spm_normal.csv,subject_1,day4,csv,cadence_normal,validation/cadence manipulation data; target cadence 145 spm,0,0.0,5.0,6.0,running,6.107613636363636,0.10761363636363619,0.10761363636363619
oracle_regime,walking_v2_running_v3_oracle_actual_speed,v2_if_speed_lt_5_else_v3,s1_day4_20260619_6mph_145spm_normal,data/raw/subject_1_day4/imu_recording_20260619_6mph_145spm_normal.csv,subject_1,day4,csv,cadence_normal,validation/cadence manipulation data; target cadence 145 spm,1,2.5,7.5,6.0,running,5.5125,-0.4874999999999998,0.4874999999999998
oracle_regime,walking_v2_running_v3_oracle_actual_speed,v2_if_speed_lt_5_else_v3,s1_day4_20260619_6mph_145spm_normal,data/raw/subject_1_day4/imu_recording_20260619_6mph_145spm_normal.csv,subject_1,day4,csv,cadence_normal,validation/cadence manipulation data; target cadence 145 spm,2,5.0,10.0,6.0,running,5.505,-0.4950000000000001,0.4950000000000001
oracle_regime,walking_v2_running_v3_oracle_actual_speed,v2_if_speed_lt_5_else_v3,s1_day4_20260619_6mph_145spm_normal,data/raw/subject_1_day4/imu_recording_20260619_6mph_145spm_normal.csv,subject_1,day4,csv,cadence_normal,validation/cadence manipulation data; target cadence 145 spm,3,7.5,12.5,6.0,running,5.52,-0.4800000000000004,0.4800000000000004
oracle_regime,walking_v2_running_v3_oracle_actual_speed,v2_if_speed_lt_5_else_v3,s1_day4_20260619_6mph_145spm_normal,data/raw/subject_1_day4/imu_recording_20260619_6mph_145spm_normal.csv,subject_1,day4,csv,cadence_normal,validation/cadence manipulation data; target cadence 145 spm,4,10.0,15.0,6.0,running,5.515,-0.4850000000000003,0.4850000000000003
oracle_regime,walking_v2_running_v3_oracle_actual_speed,v2_if_speed_lt_5_else_v3,s1_day4_20260619_6mph_145spm_normal,data/raw/subject_1_day4/imu_recording_20260619_6mph_145spm_normal.csv,subject_1,day4,csv,cadence_normal,validation/cadence manipulation data; target cadence 145 spm,5,12.5,17.5,6.0,running,5.5075,-0.4924999999999997,0.4924999999999997
oracle_regime,walking_v2_running_v3_oracle_actual_speed,v2_if_speed_lt_5_else_v3,s1_day4_20260619_6mph_145spm_normal,data/raw/subject_1_day4/imu_recording_20260619_6mph_145spm_normal.csv,subject_1,day4,csv,cadence_normal,validation/cadence manipulation data; target cadence 145 spm,6,15.0,20.0,6.0,running,5.52,-0.4800000000000004,0.4800000000000004
oracle_regime,walking_v2_running_v3_oracle_actual_speed,v2_if_speed_lt_5_else_v3,s1_day4_20260619_6mph_145spm_normal,data/raw/subject_1_day4/imu_recording_20260619_6mph_145spm_normal.csv,subject_1,day4,csv,cadence_normal,validation/cadence manipulation data; target cadence 145 spm,7,17.5,22.5,6.0,running,5.5075,-0.4924999999999997,0.4924999999999997
oracle_regime,walking_v2_running_v3_oracle_actual_speed,v2_if_speed_lt_5_else_v3,s1_day4_20260619_6mph_145spm_normal,data/raw/subject_1_day4/imu_recording_20260619_6mph_145spm_normal.csv,subject_1,day4,csv,cadence_normal,validation/cadence manipulation data; target cadence 145 spm,8,20.0,25.0,6.0,running,5.505,-0.4950000000000001,0.4950000000000001
oracle_regime,walking_v2_running_v3_oracle_actual_speed,v2_if_speed_lt_5_else_v3,s1_day4_20260619_6mph_145spm_normal,data/raw/subject_1_day4/imu_recording_20260619_6mph_145spm_normal.csv,subject_1,day4,csv,cadence_normal,validation/cadence manipulation data; target cadence 145 spm,9,22.5,27.5,6.0,running,5.22,-0.7800000000000002,0.7800000000000002
oracle_regime,walking_v2_running_v3_oracle_actual_speed,v2_if_speed_lt_5_else_v3,s1_day4_20260619_6mph_145spm_normal,data/raw/subject_1_day4/imu_recording_20260619_6mph_145spm_normal.csv,subject_1,day4,csv,cadence_normal,validation/cadence manipulation data; target cadence 145 spm,10,25.0,30.0,6.0,running,5.2375,-0.7625000000000002,0.7625000000000002
oracle_regime,walking_v2_running_v3_oracle_actual_speed,v2_if_speed_lt_5_else_v3,s1_day4_20260619_6mph_145spm_normal,data/raw/subject_1_day4/imu_recording_20260619_6mph_145spm_normal.csv,subject_1,day4,csv,cadence_normal,validation/cadence manipulation data; target cadence 145 spm,11,27.5,32.5,6.0,running,5.22,-0.7800000000000002,0.7800000000000002
oracle_regime,walking_v2_running_v3_oracle_actual_speed,v2_if_speed_lt_5_else_v3,s1_day4_20260619_6mph_145spm_normal,data/raw/subject_1_day4/imu_recording_20260619_6mph_145spm_normal.csv,subject_1,day4,csv,cadence_normal,validation/cadence manipulation data; target cadence 145 spm,12,30.0,35.0,6.0,running,5.2325,-0.7675000000000001,0.7675000000000001
oracle_regime,walking_v2_running_v3_oracle_actual_speed,v2_if_speed_lt_5_else_v3,s1_day4_20260619_6mph_145spm_normal,data/raw/subject_1_day4/imu_recording_20260619_6mph_145spm_normal.csv,subject_1,day4,csv,cadence_normal,validation/cadence manipulation data; target cadence 145 spm,13,32.5,37.5,6.0,running,5.22,-0.7800000000000002,0.7800000000000002
oracle_regime,walking_v2_running_v3_oracle_actual_speed,v2_if_speed_lt_5_else_v3,s1_day4_20260619_6mph_145spm_normal,data/raw/subject_1_day4/imu_recording_20260619_6mph_145spm_normal.csv,subject_1,day4,csv,cadence_normal,validation/cadence manipulation data; target cadence 145 spm,14,35.0,40.0,6.0,running,5.1975,-0.8025000000000002,0.8025000000000002
oracle_regime,walking_v2_running_v3_oracle_actual_speed,v2_if_speed_lt_5_else_v3,s1_day4_20260619_7mph_153spm_normal,data/raw/subject_1_day4/imu_recording_20260619_7mph_153spm_normal.csv,subject_1,day4,csv,cadence_normal,validation/cadence manipulation data; target cadence 153 spm,0,0.0,5.0,7.0,running,7.065551094848063,0.06555109484806287,0.06555109484806287
oracle_regime,walking_v2_running_v3_oracle_actual_speed,v2_if_speed_lt_5_else_v3,s1_day4_20260619_7mph_153spm_normal,data/raw/subject_1_day4/imu_recording_20260619_7mph_153spm_normal.csv,subject_1,day4,csv,cadence_normal,validation/cadence manipulation data; target cadence 153 spm,1,2.5,7.5,7.0,running,7.115876987705206,0.11587698770520571,0.11587698770520571
oracle_regime,walking_v2_running_v3_oracle_actual_speed,v2_if_speed_lt_5_else_v3,s1_day4_20260619_7mph_153spm_normal,data/raw/subject_1_day4/imu_recording_20260619_7mph_153spm_normal.csv,subject_1,day4,csv,cadence_normal,validation/cadence manipulation data; target cadence 153 spm,2,5.0,10.0,7.0,running,7.058759428181396,0.058759428181396345,0.058759428181396345
oracle_regime,walking_v2_running_v3_oracle_actual_speed,v2_if_speed_lt_5_else_v3,s1_day4_20260619_7mph_153spm_normal,data/raw/subject_1_day4/imu_recording_20260619_7mph_153spm_normal.csv,subject_1,day4,csv,cadence_normal,validation/cadence manipulation data; target cadence 153 spm,3,7.5,12.5,7.0,running,7.038878475800444,0.0388784758004439,0.0388784758004439
oracle_regime,walking_v2_running_v3_oracle_actual_speed,v2_if_speed_lt_5_else_v3,s1_day4_20260619_7mph_153spm_normal,data/raw/subject_1_day4/imu_recording_20260619_7mph_153spm_normal.csv,subject_1,day4,csv,cadence_normal,validation/cadence manipulation data; target cadence 153 spm,4,10.0,15.0,7.0,running,7.052420142467111,0.052420142467110686,0.052420142467110686
oracle_regime,walking_v2_running_v3_oracle_actual_speed,v2_if_speed_lt_5_else_v3,s1_day4_20260619_7mph_153spm_normal,data/raw/subject_1_day4/imu_recording_20260619_7mph_153spm_normal.csv,subject_1,day4,csv,cadence_normal,validation/cadence manipulation data; target cadence 153 spm,5,12.5,17.5,7.0,running,7.035045142467109,0.035045142467109436,0.035045142467109436
oracle_regime,walking_v2_running_v3_oracle_actual_speed,v2_if_speed_lt_5_else_v3,s1_day4_20260619_7mph_153spm_normal,data/raw/subject_1_day4/imu_recording_20260619_7mph_153spm_normal.csv,subject_1,day4,csv,cadence_normal,validation/cadence manipulation data; target cadence 153 spm,6,15.0,20.0,7.0,running,7.089942463895682,0.08994246389568161,0.08994246389568161
oracle_regime,walking_v2_running_v3_oracle_actual_speed,v2_if_speed_lt_5_else_v3,s1_day4_20260619_7mph_153spm_normal,data/raw/subject_1_day4/imu_recording_20260619_7mph_153spm_normal.csv,subject_1,day4,csv,cadence_normal,validation/cadence manipulation data; target cadence 153 spm,7,17.5,22.5,7.0,running,7.193166354588323,0.19316635458832287,0.19316635458832287
oracle_regime,walking_v2_running_v3_oracle_actual_speed,v2_if_speed_lt_5_else_v3,s1_day4_20260619_7mph_153spm_normal,data/raw/subject_1_day4/imu_recording_20260619_7mph_153spm_normal.csv,subject_1,day4,csv,cadence_normal,validation/cadence manipulation data; target cadence 153 spm,8,20.0,25.0,7.0,running,7.167961809133776,0.167961809133776,0.167961809133776
oracle_regime,walking_v2_running_v3_oracle_actual_speed,v2_if_speed_lt_5_else_v3,s1_day4_20260619_7mph_153spm_normal,data/raw/subject_1_day4/imu_recording_20260619_7mph_153spm_normal.csv,subject_1,day4,csv,cadence_normal,validation/cadence manipulation data; target cadence 153 spm,9,22.5,27.5,7.0,running,7.011503475800444,0.011503475800443752,0.011503475800443752
oracle_regime,walking_v2_running_v3_oracle_actual_speed,v2_if_speed_lt_5_else_v3,s1_day4_20260619_7mph_153spm_normal,data/raw/subject_1_day4/imu_recording_20260619_7mph_153spm_normal.csv,subject_1,day4,csv,cadence_normal,validation/cadence manipulation data; target cadence 153 spm,10,25.0,30.0,7.0,running,7.0300451424671095,0.030045142467109542,0.030045142467109542
oracle_regime,walking_v2_running_v3_oracle_actual_speed,v2_if_speed_lt_5_else_v3,s1_day4_20260619_7mph_153spm_normal,data/raw/subject_1_day4/imu_recording_20260619_7mph_153spm_normal.csv,subject_1,day4,csv,cadence_normal,validation/cadence manipulation data; target cadence 153 spm,11,27.5,32.5,7.0,running,6.349166666666666,-0.6508333333333338,0.6508333333333338
oracle_regime,walking_v2_running_v3_oracle_actual_speed,v2_if_speed_lt_5_else_v3,s1_day4_20260619_7mph_153spm_normal,data/raw/subject_1_day4/imu_recording_20260619_7mph_153spm_normal.csv,subject_1,day4,csv,cadence_normal,validation/cadence manipulation data; target cadence 153 spm,12,30.0,35.0,7.0,running,7.145457658936149,0.1454576589361487,0.1454576589361487
oracle_regime,walking_v2_running_v3_oracle_actual_speed,v2_if_speed_lt_5_else_v3,s1_day4_20260619_7mph_153spm_normal,data/raw/subject_1_day4/imu_recording_20260619_7mph_153spm_normal.csv,subject_1,day4,csv,cadence_normal,validation/cadence manipulation data; target cadence 153 spm,13,32.5,37.5,7.0,running,7.1455473069692745,0.14554730696927454,0.14554730696927454
oracle_regime,walking_v2_running_v3_oracle_actual_speed,v2_if_speed_lt_5_else_v3,s1_day4_20260619_7mph_153spm_normal,data/raw/subject_1_day4/imu_recording_20260619_7mph_153spm_normal.csv,subject_1,day4,csv,cadence_normal,validation/cadence manipulation data; target cadence 153 spm,14,35.0,40.0,7.0,running,7.117201094848062,0.1172010948480624,0.1172010948480624
oracle_regime,walking_v2_running_v3_oracle_actual_speed,v2_if_speed_lt_5_else_v3,s1_day4_20260619_7mph_153spm_normal,data/raw/subject_1_day4/imu_recording_20260619_7mph_153spm_normal.csv,subject_1,day4,csv,cadence_normal,validation/cadence manipulation data; target cadence 153 spm,15,37.5,42.5,7.0,running,7.162018854222344,0.1620188542223442,0.1620188542223442
oracle_regime,walking_v2_running_v3_oracle_actual_speed,v2_if_speed_lt_5_else_v3,s1_day4_20260619_7mph_153spm_normal,data/raw/subject_1_day4/imu_recording_20260619_7mph_153spm_normal.csv,subject_1,day4,csv,cadence_normal,validation/cadence manipulation data; target cadence 153 spm,16,40.0,45.0,7.0,running,7.202778859447005,0.20277885944700458,0.20277885944700458
oracle_regime,walking_v2_running_v3_oracle_actual_speed,v2_if_speed_lt_5_else_v3,s1_day4_20260619_7mph_153spm_normal,data/raw/subject_1_day4/imu_recording_20260619_7mph_153spm_normal.csv,subject_1,day4,csv,cadence_normal,validation/cadence manipulation data; target cadence 153 spm,17,42.5,47.5,7.0,running,7.146399687921656,0.14639968792165625,0.14639968792165625
